"stimulus","components","molecule","dilution","Intensity","Pleasantness","Green","Cucumber","Herbal","Mint","Woody","Pine","Floral","Powdery","Fruity","Citrus","Tropical","Berry","Peach","Sweet","Caramellic","Vanilla","BrownSpice","Smoky","Burnt","Roasted","Grainy","Meaty","Nutty","Fatty","Coconut","Waxy","Dairy","Buttery","Cheesy","Sour","Fermented","Sulfurous","Garlic.Onion","Earthy","Mushroom","Musty","Ammonia","Fishy","Fecal","Rotten.Decay","Rubber","Phenolic","Animal","Medicinal","Cooling","Sharp","Chlorine","Alcoholic","Plastic","Ozone","Metallic","NoOdor"
"A014",NA,5363388,0.01,6.32941176470588,6.5,0.852941176470588,0.323529411764706,0.147058823529412,0.0882352941176471,0.294117647058824,0,0,0.294117647058824,1.76470588235294,0.323529411764706,1.44117647058824,1.02941176470588,1.11764705882353,1.29411764705882,0.0588235294117647,0,0,0,0.235294117647059,0,0.0588235294117647,0,0,0.0882352941176471,0.0882352941176471,0,0,0,0,0.117647058823529,0,0,0.0294117647058824,0,0,0.176470588235294,0,0.205882352941176,0,0,0,0.117647058823529,0,0.205882352941176,0.176470588235294,0.0294117647058824,0,0.205882352941176,0.0588235294117647,0.0882352941176471,0,NA
"A192",NA,32594,1e-04,3.88235294117647,5.06764705882353,0.5,0.323529411764706,0.176470588235294,0,0.235294117647059,0.117647058823529,0,0.0588235294117647,0.411764705882353,0.0294117647058824,0.0882352941176471,0.147058823529412,0,0.588235294117647,0.117647058823529,0.176470588235294,0,0.0294117647058824,0,0.0882352941176471,0.176470588235294,0.0588235294117647,0.235294117647059,0.235294117647059,0,0.235294117647059,0.088235294117647,0.205882352941176,0.0882352941176471,0.0588235294117647,0.382352941176471,0.176470588235294,0.0294117647058824,0.176470588235294,0,0.264705882352941,0.205882352941176,0,0.0882352941176471,0.0588235294117647,0,0.0294117647058824,0,0.117647058823529,0.176470588235294,0.117647058823529,0,0.117647058823529,0,0,0,NA
"A351",NA,31265,1e-04,3.14411764705882,5.39117647058824,0.147058823529412,0.117647058823529,0,0.088235294117647,0,0,0.323529411764706,0,1.17647058823529,0.147058823529412,0.676470588235294,0.382352941176471,0.117647058823529,1.44117647058824,0.205882352941176,0,0.0882352941176471,0,0.0294117647058824,0.0882352941176471,0,0.0882352941176471,0,0.117647058823529,0,0,0.0294117647058824,0.176470588235294,0.0588235294117647,0.0882352941176471,0.0294117647058824,0.0882352941176471,0,0.0588235294117647,0,0.176470588235294,0,0,0,0.0882352941176471,0.147058823529412,0,0,0.0588235294117647,0.0588235294117647,0,0,0.176470588235294,0.0294117647058824,0,0,NA
"A557",NA,3314,0.005,5.06470588235294,5.82352941176471,0.117647058823529,0,0.588235294117647,0.117647058823529,1.17647058823529,0.294117647058824,0.117647058823529,0.117647058823529,0.0588235294117647,0,0.176470588235294,0.176470588235294,0,0.411764705882353,0.117647058823529,0.0882352941176471,2.47058823529412,0.794117647058824,0.0882352941176471,0,0.088235294117647,0,0.0882352941176471,0,0,0,0,0,0,0,0.0294117647058824,0.0588235294117647,0,0.205882352941176,0,0.441176470588235,0.0294117647058824,0,0.117647058823529,0,0,0,0,0.176470588235294,0,0,0,0.0294117647058824,0,0.0882352941176471,0,NA
"A800",NA,6561,5e-04,3.43235294117647,5.01764705882353,0.205882352941176,0,0.0294117647058824,0,0,0,0.176470588235294,0.0294117647058824,0.970588235294118,0,0.205882352941176,0.264705882352941,0.0588235294117647,1.61764705882353,0.0588235294117647,0.235294117647059,0,0,0.0294117647058824,0.117647058823529,0.0882352941176471,0.147058823529412,0.147058823529412,0.323529411764706,0.147058823529412,0,0.411764705882353,0.352941176470588,0,0.0588235294117647,0.294117647058824,0,0,0,0.0294117647058824,0.147058823529412,0,0,0,0.235294117647059,0,0.0294117647058824,0,0.0294117647058824,0,0.0588235294117647,0.0294117647058824,0.0588235294117647,0,0,0,NA
"A825",NA,7410,0.1,7.47647058823529,4.63235294117647,0,0,0.147058823529412,0,0.0588235294117647,0.0882352941176471,0.5,0.323529411764706,0.176470588235294,0,0.264705882352941,0.176470588235294,0,0.558823529411765,0,0.0588235294117647,0,0.117647058823529,0.176470588235294,0.205882352941176,0,0,0.352941176470588,0.147058823529412,0.0882352941176471,0.205882352941176,0.117647058823529,0,0,0.147058823529412,0,0.0588235294117647,0,0.117647058823529,0,0.588235294117647,0.558823529411765,0,0,0,0.735294117647059,0.705882352941176,0,0.676470588235294,0.264705882352941,0.61764705882353,0.676470588235294,0.323529411764706,1,0.323529411764706,0,NA
"A829",NA,31265,0.1,7.08529411764706,6.55294117647059,0.235294117647059,0,0,0.117647058823529,0.0882352941176471,0,0,0.147058823529412,2,0.294117647058824,2.08823529411765,0.61764705882353,0.588235294117647,1.64705882352941,0,0.0294117647058824,0,0,0,0,0.176470588235294,0,0,0,0.205882352941176,0.0294117647058824,0,0,0,0.0882352941176471,0,0,0,0,0,0.176470588235294,0.0588235294117647,0.0882352941176471,0,0,0,0,0,0.294117647058824,0.382352941176471,0.117647058823529,0,0.588235294117647,0,0.0294117647058824,0,NA
"A841",NA,7410,0.001,5.37058823529412,5.03823529411765,0.147058823529412,0,0.117647058823529,0,0.117647058823529,0.0882352941176471,0.588235294117647,0.411764705882353,0.411764705882353,0.0882352941176471,0,0.764705882352941,0,0.794117647058824,0,0,0,0,0,0.0882352941176471,0.176470588235294,0,0.0882352941176471,0.235294117647059,0.0882352941176471,0.117647058823529,0.117647058823529,0.0294117647058824,0.117647058823529,0.235294117647059,0,0,0,0,0,0.411764705882353,0.264705882352941,0,0,0,0.352941176470588,0.441176470588235,0.0294117647058824,0.323529411764706,0.117647058823529,0.323529411764706,0.558823529411765,0.117647058823529,0.529411764705882,0.235294117647059,0.235294117647059,NA
"A945",NA,5363388,0.001,5.3,6.61176470588235,0.441176470588235,0.323529411764706,0.0294117647058824,0,0,0,0.0882352941176471,0,1.73529411764706,0.117647058823529,2,0.558823529411765,0.823529411764706,1.55882352941176,0.0882352941176471,0.117647058823529,0,0,0,0,0,0.0588235294117647,0.0882352941176471,0,0,0,0.0588235294117647,0.0294117647058824,0,0.205882352941176,0,0,0.0882352941176471,0,0,0.0882352941176471,0,0,0,0.147058823529412,0,0,0,0.0588235294117647,0.205882352941176,0,0.0588235294117647,0.176470588235294,0,0.0294117647058824,0,NA
"A978",NA,3314,0.2,6.94117647058824,6.50294117647059,0.0882352941176471,0,0.558823529411765,0.176470588235294,0.705882352941176,0.61764705882353,0.441176470588235,0.0588235294117647,0.147058823529412,0.176470588235294,0.0588235294117647,0,0,0.61764705882353,0,0.323529411764706,2.70588235294118,0.264705882352941,0,0.205882352941176,0,0.0882352941176471,0.0588235294117647,0,0,0.0882352941176471,0,0,0,0.0882352941176471,0.117647058823529,0.0882352941176471,0,0.235294117647059,0.117647058823529,0.117647058823529,0.0294117647058824,0,0,0,0.147058823529412,0.0882352941176471,0,0.61764705882353,0.147058823529412,0,0,0.0588235294117647,0,0.0882352941176471,0,NA
"B017",NA,8129,0.05,5.12058823529412,4.86764705882353,0.558823529411765,0.352941176470588,0.676470588235294,0,0.176470588235294,0.176470588235294,0.852941176470588,0.382352941176471,0.352941176470588,0.941176470588235,0.323529411764706,0.0882352941176471,0,0.382352941176471,0,0,0.0588235294117647,0,0,0,0.117647058823529,0.0882352941176471,0.117647058823529,0.264705882352941,0,0.147058823529412,0,0.0882352941176471,0,0.147058823529412,0,0,0.0588235294117647,0.0882352941176471,0,0.352941176470588,0.441176470588235,0,0,0,0,0,0,0.470588235294118,0.205882352941176,0.0588235294117647,0.264705882352941,0.147058823529412,0,0.205882352941176,0,NA
"B137",NA,439570,0.005,5.73823529411765,7.07647058823529,0.382352941176471,0,0.441176470588235,3.26470588235294,0.294117647058824,0.0294117647058824,0,0.382352941176471,0.529411764705882,0,0,0.117647058823529,0,1.02941176470588,0.0882352941176471,0.0882352941176471,0,0,0,0,0,0,0,0.176470588235294,0,0,0,0,0,0,0,0,0,0,0,0.0882352941176471,0.0882352941176471,0.147058823529412,0,0,0,0.117647058823529,0,0.352941176470588,1.11764705882353,0.0882352941176471,0,0,0.0882352941176471,0,0,NA
"B381",NA,5281168,0.001,4.72647058823529,5.67058823529412,0.411764705882353,0,0,0,0.205882352941176,0.0882352941176471,0.235294117647059,0.176470588235294,1.38235294117647,0.147058823529412,0.705882352941176,0.205882352941176,0.205882352941176,1.08823529411765,0,0.235294117647059,0.0294117647058824,0,0,0.117647058823529,0.117647058823529,0.0882352941176471,0.294117647058824,0.176470588235294,0.0294117647058824,0.352941176470588,0.0588235294117647,0.117647058823529,0,0.0882352941176471,0,0.205882352941176,0,0.176470588235294,0.0882352941176471,0.352941176470588,0,0,0.0588235294117647,0.088235294117647,0,0,0,0.0588235294117647,0.0588235294117647,0.0588235294117647,0.0588235294117647,0.264705882352941,0,0.117647058823529,0,NA
"B505",NA,10882,1e-04,4.48823529411765,5.12352941176471,0.147058823529412,0,0.0294117647058824,0.0294117647058824,0,0,0.0588235294117647,0.147058823529412,1.44117647058824,0,0.61764705882353,0.588235294117647,0.117647058823529,1.20588235294118,0.0588235294117647,0.176470588235294,0,0.0882352941176471,0,0.264705882352941,0.117647058823529,0.558823529411765,0,0.147058823529412,0,0.0588235294117647,0.0294117647058824,0,0.0882352941176471,0.0294117647058824,0.176470588235294,0.411764705882353,0.441176470588235,0,0.0588235294117647,0.205882352941176,0,0,0.0882352941176471,0.352941176470588,0,0,0.117647058823529,0,0.0882352941176471,0,0,0.205882352941176,0,0.0588235294117647,0,NA
"B518",NA,8060,0.3,8.00294117647059,1.60294117647059,0.0294117647058824,0.0294117647058824,0.0294117647058824,0,0,0,0,0,0,0,0,0,0,0,0,0,0,0,0.0882352941176471,0.117647058823529,0,0.0882352941176471,0,0.117647058823529,0,0,0,0.176470588235294,0.147058823529412,0.352941176470588,0.176470588235294,0.411764705882353,1.32352941176471,0.176470588235294,0.176470588235294,0.411764705882353,1.67647058823529,2.38235294117647,0.264705882352941,1.17647058823529,0,0.205882352941176,0.205882352941176,0.088235294117647,0,0.61764705882353,0.382352941176471,0.294117647058824,0.117647058823529,0.117647058823529,0,NA
"B556",NA,8129,1,6.61176470588235,5.63823529411765,1.11764705882353,0.5,0.558823529411765,0.323529411764706,0.0588235294117647,0.352941176470588,0.5,0.294117647058824,0.0882352941176471,1.23529411764706,0.117647058823529,0.0882352941176471,0,0.411764705882353,0,0,0,0,0,0,0,0,0,0.352941176470588,0,0.117647058823529,0,0,0,0.0588235294117647,0,0,0,0,0,0.470588235294118,0.5,0,0,0,0.0588235294117647,0.323529411764706,0,0.588235294117647,0.676470588235294,0.294117647058824,0.764705882352941,0.176470588235294,0.0882352941176471,0.529411764705882,0,NA
"B666",NA,31272,0.1,6.64117647058823,6.56176470588235,0.0294117647058824,0,0,0.235294117647059,0.147058823529412,0,0.117647058823529,0.147058823529412,1.79411764705882,0.235294117647059,1.47058823529412,1,0.529411764705882,1.73529411764706,0.294117647058824,0.0882352941176471,0,0,0,0,0,0,0.0294117647058824,0.0588235294117647,0,0,0.0588235294117647,0,0,0,0,0.117647058823529,0,0,0,0.147058823529412,0.323529411764706,0,0,0.0294117647058824,0,0.647058823529412,0,0.441176470588235,0.235294117647059,0.117647058823529,0.0588235294117647,1.05882352941176,0.117647058823529,0.0882352941176471,0.0882352941176471,NA
"B739",NA,8034,0.1,6.81764705882353,5.99705882352941,0.117647058823529,0,0.205882352941176,0.294117647058824,0.205882352941176,0.235294117647059,0.352941176470588,0.411764705882353,1.44117647058824,0.235294117647059,1.20588235294118,0.5,0.205882352941176,2.02941176470588,0.294117647058824,0.294117647058824,0,0.0294117647058824,0,0,0,0,0.0882352941176471,0.176470588235294,0.0588235294117647,0,0,0,0,0.0294117647058824,0,0,0.0294117647058824,0.0882352941176471,0,0.352941176470588,0.205882352941176,0,0,0,0.117647058823529,0.323529411764706,0,0.823529411764706,0.588235294117647,0.264705882352941,0.0882352941176471,0.529411764705882,0.0882352941176471,0.0588235294117647,0.0588235294117647,NA
"B971",NA,798,0.2,6.26764705882353,3.75882352941176,0,0,0,0,0.205882352941176,0.0588235294117647,0,0.0882352941176471,0.117647058823529,0,0.0588235294117647,0.0882352941176471,0.0588235294117647,0.205882352941176,0.0294117647058824,0,0.117647058823529,0.0588235294117647,0.0294117647058824,0.117647058823529,0.235294117647059,0,0.117647058823529,0.294117647058824,0,0.0882352941176471,0,0,0.0588235294117647,0,0,0.235294117647059,0.147058823529412,0.117647058823529,0.0294117647058824,1.14705882352941,0.205882352941176,0.0294117647058824,0.147058823529412,0.0588235294117647,0.647058823529412,1.17647058823529,0.294117647058824,0.411764705882353,0.117647058823529,0,0.147058823529412,0,0.647058823529412,0.294117647058824,0,NA
"C094",NA,61918,0.005,5.49,5.37333333333333,0.133333333333333,0,0.1,0,0.166666666666667,0,0,0.0666666666666667,0.133333333333333,0,0,0,0,0.0333333333333333,0,0,0,0.1,0.3,1.2,2.3,0,2.3,0.266666666666667,0,0,0,0.266666666666667,0,0,0,0.1,0.0666666666666667,0.633333333333333,0,0.766666666666667,0,0,0,0,0.0333333333333333,0.0666666666666667,0.0333333333333333,0.3,0.133333333333333,0.233333333333333,0.133333333333333,0.1,0,0,0,NA
"C209",NA,14514,0.01,5.04666666666667,5.16,0.266666666666667,0.0333333333333333,0.133333333333333,0.0333333333333333,0,0.166666666666667,0.166666666666667,0.0333333333333333,0.666666666666667,0.3,0.0333333333333333,0.566666666666667,0.0666666666666667,0.566666666666667,0.133333333333333,0,0,0,0.0666666666666667,0.166666666666667,0.1,0.1,0.166666666666667,0.366666666666667,0,0.3,0.633333333333333,0.233333333333333,0.133333333333333,0.4,0.2,0.1,0.233333333333333,0.366666666666667,0,0.666666666666667,0,0,0.0666666666666667,0,0.1,0.266666666666667,0,0.133333333333333,0.0333333333333333,0.133333333333333,0.0666666666666667,0.466666666666667,0.333333333333333,0.266666666666667,0.0666666666666667,NA
"C211",NA,12297,0.007,5.79666666666667,3.45,0.233333333333333,0.1,0,0,0.0333333333333333,0.1,0.266666666666667,0,0.266666666666667,0,0,0,0,0.0666666666666667,0,0,0,0.0333333333333333,0,0,0,0.166666666666667,0.233333333333333,0.333333333333333,0,0.1,0,0,0.1,0,0,0.1,0.2,0.166666666666667,0,0.766666666666667,0.366666666666667,0.733333333333333,0.3,0.466666666666667,0,0.333333333333333,0.566666666666667,0.6,0,0.0333333333333333,0.1,0.0333333333333333,0.2,0,0,NA
"C312",NA,8051,5e-04,4.17333333333333,5.54,0.566666666666667,0.0666666666666667,0.166666666666667,0.0333333333333333,0.266666666666667,0.233333333333333,0.0333333333333333,0.0666666666666667,1.1,0,0.5,0.533333333333333,0,1,0.266666666666667,0.1,0,0,0,0,0.2,0,0,0.233333333333333,0.266666666666667,0.0666666666666667,0.1,0,0.0666666666666667,0,0,0.3,0.0333333333333333,0.366666666666667,0,0.133333333333333,0,0,0,0.0666666666666667,0,0.166666666666667,0,0.133333333333333,0.166666666666667,0.1,0,0.433333333333333,0,0.0333333333333333,0,NA
"C489",NA,5365027,0.001,4.44666666666667,4.59,0.5,0.4,0.0666666666666667,0,0.166666666666667,0.0333333333333333,0.0333333333333333,0.166666666666667,0.0333333333333333,0.0333333333333333,0,0.1,0,0.166666666666667,0,0,0.0333333333333333,0,0,0.0666666666666667,0.4,0,0.1,0.266666666666667,0,0.166666666666667,0,0,0,0,0,0,0,0.233333333333333,0.2,0.9,0,0,0,0.1,0.533333333333333,0.333333333333333,0,0,0,0,0.0666666666666667,0,0.3,0.3,0.166666666666667,NA
"C682",NA,8051,0.3,7.23,5.86666666666667,0.266666666666667,0,0.5,0.333333333333333,0.166666666666667,0.2,0.233333333333333,0.133333333333333,2.2,0.866666666666667,1,0.833333333333333,0.266666666666667,2.16666666666667,0.5,0.366666666666667,0.0333333333333333,0.0333333333333333,0,0.0333333333333333,0,0,0.1,0.1,0.1,0.466666666666667,0.0333333333333333,0,0,0,0,0,0,0,0,0.133333333333333,0.2,0,0,0,0,0.2,0,0.833333333333333,0.933333333333333,0.133333333333333,0.0666666666666667,0.133333333333333,0.0666666666666667,0.0666666666666667,0,NA
"C698",NA,10890,0.005,5.25666666666667,5.27666666666667,0.366666666666667,0,0.133333333333333,0.133333333333333,0.133333333333333,0.1,0.0666666666666667,0,1.53333333333333,0.366666666666667,0.6,0.4,0.2,1.7,0,0,0,0.0333333333333333,0.0666666666666667,0,0,0.133333333333333,0,0.366666666666667,0,0.266666666666667,0.166666666666667,0.0333333333333333,0.666666666666667,0.133333333333333,0.133333333333333,0,0,0.166666666666667,0.0333333333333333,0.0666666666666667,0,0.1,0.0666666666666667,0.333333333333333,0,0.1,0.133333333333333,0,0.1,0,0,0.3,0.1,0,0,NA
"C744",NA,6920,0.008,5.38666666666667,4.00333333333333,0.3,0.0666666666666667,0.166666666666667,0,0.233333333333333,0.1,0.166666666666667,0.0666666666666667,0,0,0,0,0,0.3,0,0,0,0,0.0666666666666667,0.3,0.533333333333333,0,0.1,0,0,0.0666666666666667,0,0,0.0333333333333333,0.1,0.166666666666667,0,0.0333333333333333,0.2,0.2,0.8,0.1,0.0666666666666667,0,0.0666666666666667,0.733333333333333,0.6,0,0.533333333333333,0.166666666666667,0.133333333333333,0.666666666666667,0.233333333333333,0.666666666666667,0.166666666666667,0,NA
"C761",NA,4133,0.2,6.79333333333333,6.63333333333333,0.166666666666667,0,1.03333333333333,2.36666666666667,0.0333333333333333,0,0,0.0333333333333333,0.0666666666666667,0,0,0,0,0.866666666666667,0,0.1,0.4,0.0333333333333333,0,0,0,0,0,0,0,0,0,0,0,0,0,0,0,0,0,0,0,0,0,0.1,0.3,0.3,0,1.36666666666667,1.43333333333333,0.3,0.0333333333333333,0.333333333333333,0.3,0,0,NA
"C807",NA,4133,0.001,4.72666666666667,5.99666666666667,0,0,0.633333333333333,1.63333333333333,0.0333333333333333,0.366666666666667,0.266666666666667,0.333333333333333,0.466666666666667,0,0.0666666666666667,0.133333333333333,0.0666666666666667,0.7,0,0,0,0,0,0,0,0,0.133333333333333,0,0,0,0,0,0,0,0,0.1,0,0.0666666666666667,0.1,0.166666666666667,0.1,0,0,0,0,0,0,1.4,0.733333333333333,0.0333333333333333,0.0666666666666667,0.3,0.0333333333333333,0.1,0,NA
"C830",NA,10890,0.2,6.73,5.25666666666667,0.233333333333333,0.0333333333333333,0.133333333333333,0.0333333333333333,0.166666666666667,0,0.133333333333333,0.0666666666666667,2.06666666666667,0.366666666666667,1.43333333333333,1.2,0.466666666666667,1.8,0.0666666666666667,0.0666666666666667,0,0,0,0,0,0,0,0,0.1,0.1,0,0,0,0,0.133333333333333,0,0,0,0,0.166666666666667,0,0,0.0666666666666667,0.166666666666667,0.0666666666666667,0.133333333333333,0,0.366666666666667,0.166666666666667,0.0333333333333333,0.366666666666667,0.866666666666667,0.0666666666666667,0.1,0.0666666666666667,NA
"C852",NA,6920,0.3,6.88666666666667,3.93,0.133333333333333,0.0666666666666667,0.3,0,0.0666666666666667,0.266666666666667,0.366666666666667,0,0.166666666666667,0,0,0,0,0.266666666666667,0,0,0.0666666666666667,0.266666666666667,0.333333333333333,0.533333333333333,0,0.5,0.7,0.0666666666666667,0.133333333333333,0.2,0,0,0.0666666666666667,0.166666666666667,0.166666666666667,0.4,1,0.166666666666667,0.3,0.933333333333333,0.1,0.133333333333333,0.1,0.133333333333333,0.4,0.4,0,0.733333333333333,0.1,0.3,0.533333333333333,0.233333333333333,0.366666666666667,0.3,0,NA
"C890",NA,12297,0.2,7.44333333333333,2.53,0.133333333333333,0,0.0666666666666667,0,0,0.0666666666666667,0,0.0333333333333333,0.1,0.133333333333333,0.1,0.233333333333333,0,0,0,0,0,0.0666666666666667,0,0.1,0,0.4,0,0.266666666666667,0,0.266666666666667,0.0666666666666667,0,0.3,0.366666666666667,0.266666666666667,0.866666666666667,0,0.266666666666667,0.1,0.7,1.16666666666667,0.933333333333333,0,0.8,0,0.5,0.8,0.3,0.4,0.566666666666667,0.166666666666667,0.566666666666667,0.0666666666666667,0.0666666666666667,0,NA
"C891",NA,14514,0.45,6.33,4.62666666666667,0.166666666666667,0.1,0.6,0,0.333333333333333,0.2,0.166666666666667,0,0.4,0,0.233333333333333,0.466666666666667,0.1,0.666666666666667,0.4,0.2,0.2,0,0.3,0.0666666666666667,0,0,0.133333333333333,0.0666666666666667,0,0,0,0.0333333333333333,0,0.166666666666667,0.166666666666667,0.0666666666666667,0,0.333333333333333,0,0.933333333333333,0.333333333333333,0,0,0,0.266666666666667,0.766666666666667,0.0666666666666667,0.166666666666667,0.2,0.4,0.1,0.5,0.466666666666667,0.133333333333333,0,NA
"C921",NA,5365027,0.3,6.27666666666667,5.23,1.76666666666667,1.8,0.6,0.1,0.466666666666667,0.266666666666667,0.433333333333333,0,0.133333333333333,0.5,0.166666666666667,0,0,0.166666666666667,0,0,0,0,0,0,0.0666666666666667,0,0,0.133333333333333,0,0.233333333333333,0,0,0,0,0,0,0,0.2,0.1,0.466666666666667,0.2,0.133333333333333,0,0,0.233333333333333,0.0666666666666667,0,0.2,0.233333333333333,0.133333333333333,0.266666666666667,0.0333333333333333,0.166666666666667,0.533333333333333,0,NA
"D201",NA,460,1,6.81666666666667,5.24333333333333,0.133333333333333,0,0.166666666666667,0,0.766666666666667,0.166666666666667,0.333333333333333,0.266666666666667,0.433333333333333,0,0,0.233333333333333,0,1.06666666666667,0.6,0.533333333333333,0.8,1.6,1.03333333333333,0,0,0.0666666666666667,0.133333333333333,0,0,0,0,0,0,0,0.0333333333333333,0,0,0.166666666666667,0,0.0333333333333333,0,0,0,0,0.366666666666667,0.566666666666667,0.0666666666666667,1,0.1,0.3,0.166666666666667,0.0333333333333333,0.2,0.1,0,NA
"D491",NA,5362814,5e-04,5.44,5.05333333333333,0.666666666666667,0.6,0.166666666666667,0,0.133333333333333,0,0.0666666666666667,0.1,0.233333333333333,0,0.1,0,0,0.166666666666667,0,0,0,0,0,0.1,0.666666666666667,0.266666666666667,0.7,1.1,0.166666666666667,0.333333333333333,0.0666666666666667,0.133333333333333,0.233333333333333,0.1,0.333333333333333,0.366666666666667,0.333333333333333,0.233333333333333,0.3,0.266666666666667,0.0666666666666667,0.133333333333333,0,0.6,0,0,0,0.0666666666666667,0,0,0.1,0.133333333333333,0,0,0,NA
"D519",NA,7583,0.001,2.70333333333333,4.71666666666667,0.0333333333333333,0.133333333333333,0.0666666666666667,0,0,0.0666666666666667,0.0666666666666667,0,0.1,0,0,0,0,0.233333333333333,0,0,0,0,0,0.233333333333333,0.533333333333333,0,0.466666666666667,0.0666666666666667,0.0666666666666667,0,0.166666666666667,0.1,0.166666666666667,0,0.233333333333333,0.133333333333333,0,0,0.166666666666667,0.333333333333333,0.0333333333333333,0.0666666666666667,0,0.0333333333333333,0.133333333333333,0,0,0,0,0.0666666666666667,0,0,0.1,0,0,NA
"D716",NA,12748,1e-04,3.48666666666667,4.59666666666667,0.433333333333333,0,0.0666666666666667,0.0666666666666667,0.133333333333333,0,0,0,0.133333333333333,0,0.1,0,0,0.266666666666667,0.0333333333333333,0.0666666666666667,0.166666666666667,0,0,0.466666666666667,0.566666666666667,0.533333333333333,0.2,0.166666666666667,0,0.2,0.333333333333333,0.266666666666667,0.1,0.0333333333333333,0,0.266666666666667,0.0666666666666667,0.0666666666666667,0.233333333333333,0.1,0.1,0.133333333333333,0,0.2,0.0333333333333333,0,0,0,0.1,0,0,0.1,0,0,0,NA
"D762",NA,460,0.01,5.84,4.94666666666667,0.133333333333333,0,0.166666666666667,0.0666666666666667,0.566666666666667,0.433333333333333,0.233333333333333,0.1,0.1,0,0,0,0,0.766666666666667,0.466666666666667,0.733333333333333,0.866666666666667,1.03333333333333,0.566666666666667,0.2,0.133333333333333,0.2,0.0666666666666667,0.333333333333333,0,0.0333333333333333,0,0,0,0,0,0.0666666666666667,0.0666666666666667,0.3,0.0666666666666667,0.133333333333333,0.133333333333333,0,0.0666666666666667,0,0.633333333333333,0,0,0.466666666666667,0.1,0,0.166666666666667,0.0333333333333333,0.2,0.1,0,NA
"D806",NA,7969,1e-04,3.91,4.88,0,0,0.133333333333333,0,0,0,0,0,0,0,0.166666666666667,0,0,0.333333333333333,0,0.2,0.0333333333333333,0,0.1,0.766666666666667,0.266666666666667,0.866666666666667,0.6,0.433333333333333,0.166666666666667,0.166666666666667,0.133333333333333,0.4,0.333333333333333,0,0.0666666666666667,0.166666666666667,0.7,0.1,0,0.233333333333333,0.0333333333333333,0,0,0.333333333333333,0.133333333333333,0,0,0.0666666666666667,0,0,0,0,0,0,0,NA
"D879",NA,5362814,0.1,7.1,5.14333333333333,2.06666666666667,1.86666666666667,0.266666666666667,0.0666666666666667,0,0,0.1,0.233333333333333,0.3,0.4,0.266666666666667,0.0666666666666667,0,0.666666666666667,0,0,0,0,0,0.766666666666667,0.6,0,0.666666666666667,0.633333333333333,0,0.5,0,0.133333333333333,0,0,0.1,0.233333333333333,0,0.1,0.133333333333333,0.466666666666667,0.133333333333333,0,0,0.233333333333333,0,0,0,0.1,0,0.0666666666666667,0.233333333333333,0.0333333333333333,0.0666666666666667,0.0333333333333333,0,NA
"G046",NA,14286,0.1,5.890625,4.959375,0.09375,0.0625,0.09375,0,0.03125,0,0.25,0.09375,0.03125,0,0.0625,0,0,0.15625,0,0.125,0,0,0,0.875,2.25,0,1.1875,0.03125,0.125,0.15625,0,0.15625,0,0.03125,0.03125,0,0,0.1875,0,0.65625,0.125,0,0,0.09375,0.125,0.4375,0,0.0625,0.09375,0.0625,0.28125,0.40625,0,0,0,NA
"G231",NA,643731,1e-05,3.590625,5.74375,1.21875,2.8125,0,0,0.0625,0,0,0,0.0625,0,0.03125,0,0,0.46875,0,0,0.03125,0,0,0.46875,0.25,0.125,0.0625,0.25,0,0.03125,0,0.125,0,0.09375,0,0,0.125,0.1875,0,0.03125,0,0,0,0,0,0,0,0,0,0,0,0,0,0.25,0.0625,NA
"G444",NA,439570,0.4,6.2625,7.365625,0.0625,0,0.25,3.875,0.375,0.125,0.125,0.21875,0.3125,0,0,0.0625,0,1,0.15625,0,0,0,0,0,0,0,0,0,0,0,0,0,0,0,0,0,0,0,0,0.0625,0.125,0,0,0,0.09375,0,0,0.625,1.03125,0.0625,0,0.1875,0,0,0,NA
"G452",NA,5362720,0.04,6.215625,6.315625,1.46875,2.375,0.34375,0.09375,0.1875,0,0.5,0,0.5625,0.4375,0.1875,0,0,0.8125,0,0.03125,0,0,0,0,0,0,0,0,0.03125,0.25,0,0,0,0,0,0,0,0,0,0.34375,0,0,0,0,0.15625,0.1875,0,0,0.25,0,0.09375,0.0625,0.09375,0.53125,0,NA
"G616",NA,798,0.001,3.89375,4.259375,0.375,0.21875,0.125,0,0.125,0.125,0.03125,0.0625,0,0,0.0625,0,0,0.1875,0.0625,0,0,0,0.0625,0,0,0,0,0.09375,0,0.03125,0,0.15625,0,0,0.0625,0.125,0.0625,0.125,0.09375,1.0625,0,0,0.1875,0.34375,0.40625,0.375,0.21875,0.09375,0.09375,0.09375,0.21875,0,0.125,0,0.125,NA
"G757",NA,7150,0.01,6.06875,4.9625,0,0,0.46875,1.21875,0.25,0.15625,0.5,0.1875,0.1875,0,0.09375,0.15625,0,0.5,0.125,0,0.15625,0,0.03125,0,0,0.03125,0,0.0625,0.125,0,0,0,0.0625,0.15625,0.09375,0,0,0.0625,0,0.84375,0.28125,0.09375,0.125,0.1875,0.09375,0.375,0,0.90625,0.875,0.09375,0.25,0.4375,0.0625,0.125,0.0625,NA
"G804",NA,5362720,8e-04,4.896875,6.309375,1.1875,2.90625,0.34375,0.125,0.3125,0.09375,0.15625,0,0.6875,0.0625,0.28125,0.21875,0,0.3125,0.0625,0,0,0,0.0625,0,0.03125,0.09375,0.03125,0.09375,0,0,0,0.15625,0,0,0,0,0.09375,0,0,0.03125,0,0,0,0.0625,0,0,0,0.0625,0.09375,0,0.125,0.09375,0.125,0.125,0.0625,NA
"G827",NA,7150,1e-04,2.703125,5.25625,0.78125,0.625,0.09375,0,0.15625,0,0,0.0625,0.5,0,0.125,0,0,0.34375,0,0,0,0,0.0625,0.0625,0.03125,0,0.03125,0.15625,0.15625,0.03125,0.09375,0,0,0.125,0,0.0625,0,0.28125,0.15625,0.28125,0,0,0,0.03125,0,0,0,0.0625,0,0,0,0,0.03125,0,0,NA
"G911",NA,7916,1e-04,2.34375,4.93125,0.46875,0.3125,0.0625,0,0,0.0625,0,0,0,0.0625,0,0.1875,0,0.6875,0,0,0.03125,0,0,0,0.15625,0.125,0.15625,0.125,0,0,0.03125,0,0.0625,0.0625,0,0.15625,0.28125,0.25,0.09375,0.53125,0.125,0,0,0.15625,0,0,0,0,0,0.15625,0,0.09375,0.09375,0.125,0,NA
"I199",NA,8093,0.005,5.59,6.89333333333333,0.233333333333333,0,0.133333333333333,0,0,0,0.8,0.4,1.83333333333333,0.666666666666667,0.833333333333333,0.5,0.433333333333333,2.16666666666667,0.0666666666666667,0.133333333333333,0.0333333333333333,0,0,0,0,0,0.1,0.1,0.0666666666666667,0.233333333333333,0,0,0,0,0,0,0,0,0,0.133333333333333,0,0,0,0,0,0.0666666666666667,0,0,0.2,0.1,0,0.166666666666667,0,0,0,NA
"I421",NA,5282707,1,6.65,2.62,0,0,0.0666666666666667,0,0.2,0,0,0.2,0.1,0,0,0,0,0.133333333333333,0,0,0,0,0,0.0333333333333333,0.1,0,0.1,0.1,0,0.333333333333333,0.566666666666667,0,0.833333333333333,1.16666666666667,0.933333333333333,0.7,0,0.2,0,1.1,0.2,0,0.533333333333333,0.433333333333333,0.3,0.366666666666667,0.533333333333333,0,0.1,0.1,0.0333333333333333,0,0.166666666666667,0,0,NA
"166","121",16590,0.001,6.82605042016807,5.6436974789916,0.050314465408805,0.050314465408805,0.0817610062893081,0,0.00628930817610063,0,0,0.00628930817610063,0,0,0,0.0188679245283019,0,0,0,0,0.00628930817610063,0.10062893081761,0.106918238993711,0.295597484276729,0.0188679245283019,0.39622641509434,0.0377358490566038,0.157232704402516,0,0.00628930817610063,0.0251572327044025,0.0754716981132076,0.295597484276729,0.188679245283019,0.421383647798742,0.245283018867924,4.15094339622642,0.0566037735849056,0.251572327044025,0.0691823899371069,0.0125786163522013,0.0188679245283019,0.0125786163522013,0.10062893081761,0.163522012578616,0.0188679245283019,0.0188679245283019,0,0,0.144654088050314,0.0314465408805031,0,0,0.0377358490566038,0.050314465408805,0
"199","441",7921,1,4.62605042016807,5.24117647058824,0.0628930817610063,0.0251572327044025,0.182389937106918,0.0188679245283019,0.176100628930818,0.125786163522013,0.0943396226415094,0.0566037735849056,0.0817610062893081,0.0314465408805032,0.0440251572327043,0.0440251572327043,0.0566037735849056,0.484276729559748,0.59748427672956,0.333333333333333,0.308176100628931,0.0377358490566038,0.264150943396227,0.144654088050314,0.176100628930818,0.0817610062893082,0.245283018867924,0.106918238993711,0.654088050314465,0.226415094339622,0.0377358490566038,0.050314465408805,0.0314465408805031,0.0880503144654088,0.213836477987421,0.125786163522013,0.0628930817610062,0.0251572327044025,0.00628930817610063,0.270440251572327,0.358490566037736,0.0188679245283019,0,0,0.0754716981132076,0.207547169811321,0.0377358490566038,0.182389937106918,0.0566037735849056,0.113207547169811,0.0754716981132076,0.339622641509434,0.339622641509434,0.0691823899371068,0.0314465408805031,0
"204","344",7127,0.2,5.19159663865546,5.09411764705882,0.748427672955975,0.182389937106918,0.547169811320755,0.0817610062893082,0.635220125786163,0.327044025157233,0.39622641509434,0.0566037735849056,0.0377358490566038,0.0754716981132076,0.0440251572327043,0.0314465408805031,0.0314465408805031,0.106918238993711,0,0,0.125786163522013,0.0440251572327043,0.10062893081761,0.0125786163522013,0.0440251572327044,0,0.050314465408805,0.0251572327044025,0.0125786163522013,0.0440251572327043,0,0,0,0.0377358490566038,0.0880503144654088,0.0314465408805031,0,0.389937106918239,0.10062893081761,0.836477987421383,0.106918238993711,0,0,0.0754716981132076,0.188679245283019,0.427672955974843,0.050314465408805,0.477987421383648,0.226415094339623,0.132075471698113,0.257861635220126,0.232704402515723,0.194968553459119,0.50314465408805,0.176100628930818,0
"423","155",2724126,0.1,7.68319327731092,4.98487394957983,0.0880503144654088,0.0314465408805032,0.232704402515723,0.383647798742138,0.0251572327044025,0.314465408805031,0.0125786163522013,0.0440251572327043,0.0377358490566038,0.0754716981132076,0.0440251572327043,0.0125786163522013,0.0251572327044025,0.10062893081761,0,0.0125786163522013,0.0377358490566038,0.0314465408805031,0.0188679245283019,0,0,0.0125786163522013,0,0.0440251572327044,0,0.0125786163522013,0,0,0.0377358490566037,0.0251572327044025,0.0628930817610063,0.0691823899371068,0.0251572327044025,0.0754716981132076,0.0188679245283019,0.132075471698113,0.427672955974843,0.144654088050314,0.050314465408805,0.176100628930818,0.0188679245283019,0.163522012578616,0.0377358490566038,2.86792452830189,1.84276729559748,0.433962264150943,0.245283018867924,0.377358490566038,0.0880503144654088,0.138364779874214,0.0691823899371068,0
"588","526",91497,1,4.19159663865546,6.02352941176471,0.144654088050314,0.050314465408805,0.176100628930818,0.00628930817610063,0.232704402515723,0.125786163522013,1.27672955974843,1.22641509433962,0.0691823899371068,0.0754716981132076,0.0880503144654087,0.0691823899371068,0.0628930817610063,0.515723270440252,0.0566037735849056,0.125786163522013,0,0.00628930817610063,0.0188679245283019,0,0,0.0251572327044025,0.0314465408805031,0.0440251572327043,0.10062893081761,0.138364779874214,0.10062893081761,0,0.050314465408805,0.113207547169811,0.0440251572327044,0.0188679245283019,0,0.113207547169811,0,0.339622641509434,0.0943396226415094,0,0,0,0.0566037735849056,0.119496855345912,0.0251572327044025,0.138364779874214,0.0817610062893081,0.050314465408805,0.119496855345912,0.113207547169811,0.0943396226415093,0.408805031446541,0.0943396226415094,0
"628","321",6549,0.1,6.4218487394958,6.09579831932773,0.748427672955975,0.144654088050314,0.735849056603774,0.308176100628931,0.182389937106918,0.647798742138365,0.710691823899371,0.119496855345912,0.528301886792453,0.962264150943396,0.182389937106918,0.220125786163522,0.0943396226415094,0.50314465408805,0.0251572327044025,0.0314465408805031,0.194968553459119,0.0251572327044025,0.0377358490566038,0,0,0,0.0125786163522013,0,0,0.0377358490566036,0.0251572327044025,0,0,0.125786163522013,0.0125786163522013,0.0251572327044025,0,0.00628930817610063,0,0.138364779874214,0.264150943396226,0.0125786163522013,0,0.0188679245283019,0.0440251572327043,0.106918238993711,0,0.440251572327044,0.39622641509434,0.163522012578616,0.188679245283019,0.138364779874214,0.0691823899371068,0.270440251572327,0.00628930817610063,0
"715","388",76322,0.1,6.84453781512605,5.66974789915966,0.0377358490566037,0,0.358490566037736,0.471698113207547,0.144654088050314,0.245283018867924,0.0817610062893081,0.0440251572327043,0.0754716981132076,0.050314465408805,0.0943396226415093,0.157232704402516,0.0440251572327044,0.188679245283019,0.0754716981132076,0,0.0125786163522013,0,0.0188679245283019,0,0.0125786163522013,0,0,0,0,0.0880503144654087,0,0,0,0.0377358490566038,0.0377358490566038,0.0188679245283019,0,0.0314465408805031,0,0.0628930817610063,0.194968553459119,0,0,0.0125786163522013,0.144654088050314,0.440251572327044,0.0314465408805031,2.47798742138365,1.84905660377359,0.264150943396226,0.226415094339623,0.371069182389937,0.446540880503145,0.226415094339623,0.0628930817610063,0
"788","61",114533,0.1,6.64873949579832,5.27647058823529,0.245283018867924,0.0691823899371069,0.257861635220126,0.163522012578616,0.050314465408805,0.320754716981132,0.471698113207547,0.0880503144654088,1.10062893081761,0.194968553459119,0.748427672955975,0.276729559748428,0.345911949685534,0.735849056603773,0.00628930817610063,0.0440251572327044,0.125786163522013,0.0188679245283019,0.0188679245283019,0,0,0,0,0,0.0754716981132076,0.144654088050314,0,0,0,0.0440251572327044,0.0188679245283019,0,0,0,0,0.176100628930818,0.194968553459119,0,0.0314465408805031,0,0.220125786163522,0.49685534591195,0,0.893081761006289,0.515723270440252,0.113207547169811,0.364779874213836,0.176100628930818,0.270440251572327,0.232704402515723,0.0440251572327044,0
"909","493",83623,0.001,4.62100840336134,3.86386554621849,0.0817610062893081,0.0377358490566038,0.0628930817610063,0,0,0,0.00628930817610063,0.0377358490566038,0.0251572327044025,0.00628930817610063,0,0,0.00628930817610063,0.119496855345912,0.0817610062893082,0.0314465408805031,0.0188679245283018,0.113207547169811,0.0691823899371069,0.226415094339623,0.0251572327044025,0.433962264150943,0.113207547169811,0.364779874213837,0.0251572327044025,0.0880503144654087,0.144654088050314,0.477987421383648,0.610062893081761,0.276729559748428,0.421383647798742,0.50314465408805,1.08805031446541,0.0691823899371069,0.20125786163522,0.220125786163522,0.0754716981132076,0.220125786163522,0.106918238993711,0.761006289308176,0.0440251572327044,0,0.113207547169811,0,0,0.0628930817610062,0.0125786163522013,0,0,0.0691823899371068,0.0377358490566038,0
"937","97",12813,1,6.27142857142857,5.52016806722689,0.339622641509434,0.119496855345912,0.0943396226415094,0.0566037735849056,0.220125786163522,0.169811320754717,0.471698113207547,0.0880503144654087,0.484276729559748,0.176100628930818,0.490566037735849,0.106918238993711,1,0.547169811320755,0.138364779874214,0.194968553459119,0.0125786163522013,0.0188679245283019,0,0.0377358490566038,0.132075471698113,0,0.251572327044025,0.364779874213836,0.490566037735849,0.962264150943396,0.276729559748428,0.314465408805031,0.0817610062893082,0.0251572327044025,0.0188679245283019,0.0125786163522013,0.050314465408805,0.0880503144654087,0.132075471698113,0.182389937106918,0.0440251572327044,0,0,0,0.0628930817610063,0.0628930817610063,0.0377358490566038,0.0251572327044025,0.0440251572327044,0.0125786163522013,0.113207547169811,0.0377358490566038,0.220125786163522,0.157232704402516,0.10062893081761,0
"992","339",6989,0.2,6.23083333333333,4.745,0.25625,0.03125,0.85625,0.1875,0.375,0.1875,0.0375,0.04375,0.00625000000000001,0.00625000000000001,0.01875,0,0,0.03125,0.0125,0.04375,0.03125,0.23125,0.23125,0.075,0.00625000000000001,0.0562500000000001,0.01875,0,0,0.06875,0,0,0.00625000000000001,0.01875,0.025,0.11875,0.0375,0.15625,0.1125,0.31875,0.2125,0,0,0.0125,1.25625,0.7375,0.05625,0.9625,0.55625,0.0812500000000001,0.18125,0.18125,0.5,0.31875,0.0812500000000001,0
"A072","502",8454,0.1,8.3735294117647,1.62352941176471,0,0,0,0,0.0882352941176471,0,0.0588235294117647,0.0588235294117647,0,0,0,0,0,0,0,0,0,0,0.147058823529412,0.264705882352941,0.411764705882353,0,0,0,0,0,0.0294117647058823,0,0,0.176470588235294,0.117647058823529,0.529411764705882,0.0588235294117647,0.264705882352941,0.235294117647059,0.588235294117647,2.70588235294118,0.88235294117647,0.235294117647059,0.529411764705882,0,0.529411764705882,0,0,0,0.441176470588235,0.441176470588235,0.0588235294117647,0,0.0882352941176471,0.0294117647058823,NA
"A117","283",62444,5e-05,4.85882352941176,4.12352941176471,0.147058823529412,0.117647058823529,0,0,0,0.0882352941176471,0.117647058823529,0,0.470588235294118,0,0.235294117647059,0.176470588235294,0.235294117647059,0.470588235294118,0.0294117647058823,0.205882352941176,0,0,0,0,0,0.61764705882353,0,0.411764705882353,0,0,0.911764705882353,0.352941176470588,0.911764705882353,0.61764705882353,0.411764705882353,0.294117647058824,0.176470588235294,0,0,0.176470588235294,0,0.0294117647058823,0.264705882352941,0.911764705882353,0,0,0.0588235294117647,0,0.147058823529412,0,0.0588235294117647,0.117647058823529,0,0.0294117647058823,0,NA
"A204","401",7762,0.001,3.57647058823529,5.84705882352941,0.117647058823529,0,0,0.176470588235294,0.0882352941176471,0.0882352941176471,0.176470588235294,0,0.88235294117647,0.264705882352941,0.38235294117647,0.823529411764706,0,1.58823529411765,0.529411764705882,0.264705882352941,0.117647058823529,0,0,0,0.0588235294117647,0.0588235294117647,0.0882352941176471,0,0.147058823529412,0.147058823529412,0.294117647058823,0.0882352941176471,0.0882352941176471,0.0294117647058823,0.176470588235294,0.0294117647058823,0,0,0.147058823529412,0.147058823529412,0,0,0,0,0,0,0,0,0,0,0,0.0294117647058823,0,0.117647058823529,0,NA
"A209","72",11747,1e-04,3.62647058823529,5.60882352941176,0,0,0,0.0588235294117647,0.0588235294117647,0,0.147058823529412,0.117647058823529,1.08823529411765,0.0588235294117647,0.294117647058824,0.470588235294118,0.264705882352941,0.88235294117647,0.411764705882353,0.352941176470588,0,0,0,0.0882352941176471,0.147058823529412,0.0882352941176471,0.117647058823529,0.176470588235294,0,0.117647058823529,1,0.61764705882353,0.352941176470588,0.0588235294117647,0.176470588235294,0,0,0.117647058823529,0,0.147058823529412,0,0,0,0.0294117647058823,0,0,0,0,0,0,0,0.0294117647058823,0,0,0,NA
"A244","76",12180,0.003,4.04411764705882,4.39117647058824,0.0588235294117647,0,0,0,0.0588235294117647,0,0.205882352941176,0,0.676470588235294,0,0.205882352941176,0.470588235294118,0,0.794117647058824,0.264705882352941,0.205882352941176,0.117647058823529,0,0,0.117647058823529,0.0882352941176471,0.205882352941176,0.0294117647058823,0.382352941176471,0,0.176470588235294,0.0588235294117647,0.0882352941176471,0.176470588235294,0.117647058823529,0.323529411764706,0.0588235294117647,0.147058823529412,0,0,0.117647058823529,0.205882352941176,0.264705882352941,0.323529411764706,0.352941176470588,0.0588235294117647,0.117647058823529,0,0,0,0,0,0.0588235294117647,0,0,0,NA
"A245","24",10430,0.1,7.00882352941176,2.47941176470588,0,0,0,0,0,0,0.117647058823529,0,0.5,0,0,0,0,0.411764705882353,0,0,0.0588235294117647,0,0,0,0.176470588235294,0.294117647058824,0.0882352941176471,0.411764705882353,0,0.441176470588235,0.382352941176471,0.294117647058824,1.26470588235294,0.970588235294118,0.647058823529412,0.323529411764706,0.088235294117647,0,0.117647058823529,0.529411764705882,0.5,0,1.20588235294118,1.70588235294118,0,0,0.323529411764706,0,0.0588235294117647,0.147058823529412,0,0,0,0,0,NA
"A246","273",6184,0.001,4.52647058823529,5.59117647058823,0.764705882352941,0.0588235294117647,0.176470588235294,0,0,0.264705882352941,0.235294117647059,0.117647058823529,0.852941176470588,0.294117647058824,0.176470588235294,0.0588235294117647,0.0588235294117647,0.529411764705882,0,0,0,0,0,0.205882352941176,0.205882352941176,0.117647058823529,1.08823529411765,0.38235294117647,0,0.294117647058824,0.205882352941176,0,0.176470588235294,0.470588235294118,0.176470588235294,0.294117647058824,0.0294117647058823,0.205882352941176,0.0294117647058823,0.235294117647059,0,0,0,0.205882352941176,0,0,0,0.0588235294117647,0,0,0,0.0588235294117647,0,0,0,NA
"A316","170",31260,0.001,3.91764705882353,5.6764705882353,0.176470588235294,0.0294117647058823,0,0,0,0,0.205882352941176,0.147058823529412,1.20588235294118,0.205882352941176,0.38235294117647,0.352941176470588,0,1.64705882352941,0.294117647058824,0,0.0882352941176471,0,0,0,0,0.264705882352941,0.117647058823529,0.117647058823529,0.0882352941176471,0,0.264705882352941,0.205882352941176,0.176470588235294,0.0882352941176471,0.205882352941176,0.0882352941176471,0,0,0,0.0588235294117647,0,0,0,0.323529411764706,0,0,0,0.176470588235294,0.0588235294117647,0,0,0.176470588235294,0.0882352941176471,0.147058823529412,0,NA
"A398","443",7945,0.1,6.68529411764706,5.95294117647059,0,0,0,0.0882352941176471,0,0.0882352941176471,0,0.147058823529412,2.26470588235294,0.205882352941176,1.55882352941176,0.794117647058824,0.205882352941176,1.52941176470588,0.117647058823529,0,0,0,0,0,0,0,0,0,0.117647058823529,0.0882352941176471,0.0882352941176471,0.117647058823529,0.176470588235294,0.0588235294117647,0.38235294117647,0,0,0.147058823529412,0,0.205882352941176,0.323529411764706,0,0,0,0,0.117647058823529,0,0.323529411764706,0.352941176470588,0.294117647058824,0.117647058823529,0.588235294117647,0,0.0294117647058823,0,NA
"A454","305",638011,0.005,5.42352941176471,7.0735294117647,0.294117647058824,0,0.323529411764706,0.176470588235294,0,0.294117647058824,0.5,0.235294117647059,0.264705882352941,2.11764705882353,0.676470588235294,0.382352941176471,0,1.11764705882353,0.0882352941176471,0.0294117647058823,0,0,0,0.0294117647058823,0,0,0,0,0,0.147058823529412,0,0.117647058823529,0,0.382352941176471,0,0,0,0,0,0.0588235294117647,0,0,0,0,0.0294117647058823,0.117647058823529,0,0.735294117647059,0.61764705882353,0.352941176470588,0.117647058823529,0.117647058823529,0,0.117647058823529,0,NA
"A701","268",61641,0.01,6.60588235294118,4.07058823529412,0.117647058823529,0,0.117647058823529,0,0,0,0,0,0.0882352941176471,0,0,0,0,0,0.0588235294117647,0,0,0,0.0882352941176471,0.205882352941176,0,0.294117647058824,0,0.294117647058824,0,0,0.235294117647059,0.294117647058824,0.61764705882353,0.529411764705882,0.764705882352941,0.852941176470588,3.17647058823529,0,0.0882352941176471,0.205882352941176,0.0588235294117647,0.117647058823529,0.205882352941176,0.794117647058824,0,0,0.0588235294117647,0.117647058823529,0,0.147058823529412,0,0.205882352941176,0.0588235294117647,0.0588235294117647,0.147058823529412,NA
"A866","487",8130,0.1,7.09411764705882,4.48823529411765,1.35294117647059,1.44117647058824,0.588235294117647,0.0294117647058823,0.176470588235294,0.0882352941176471,0.117647058823529,0,0.117647058823529,0.117647058823529,0,0,0,0.176470588235294,0,0,0,0,0.117647058823529,0.117647058823529,0.294117647058824,0,0.5,1.44117647058824,0,0.676470588235294,0,0.0294117647058823,0,0,0,0.147058823529412,0.0882352941176471,0.147058823529412,0,0.676470588235294,0,0,0,0,0.205882352941176,0,0,0.235294117647059,0.264705882352941,0.117647058823529,0.117647058823529,0,0.352941176470588,0.5,0,NA
"AF010","59",11251,0.01,3.471875,5.1375,0.125,0.1875,0.21875,0,0.1875,0.09375,0,0.0625,0,0,0,0.0625,0.09375,0.78125,0.1875,0.3125,0.0625,0.1875,0.1875,0.09375,0.6875,0.03125,0.0625,0.03125,0.125,0,0.15625,0.53125,0.125,0.34375,0.28125,0,0,0,0,0,0.03125,0,0,0.03125,0,0,0.0625,0.21875,0.09375,0.09375,0,0.90625,0,0.21875,0,0
"AF054","243",5324978,0.3,6.075,2.534375,0.28125,0.0625,0.125,0,0.09375,0.0625,0.1875,0,0.125,0.09375,0.125,0.25,0,0.25,0,0,0,0,0,0,0.15625,0,0.0625,0.21875,0,0,0.0625,0.03125,0.125,0.125,0.25,0.375,0.09375,0.1875,0.75,1.03125,1.40625,1.75,0.15625,0.3125,0.15625,0.34375,0.59375,0.15625,0.0625,0.125,0,0.03125,0,0,0,0
"AF123","281",61982,1e-04,2.978125,5.09375,0.71875,0.125,0.3125,0.03125,0.375,0.03125,0.28125,0.0625,0.59375,0.21875,0.09375,0.3125,0.46875,0.40625,0,0,0,0,0,0.0625,0,0,0,0,0,0,0,0,0,0.5,0.28125,0,0.0625,0.28125,0,0.5625,0.0625,0,0,0.28125,0,0,0,0,0.03125,0.1875,0,0.03125,0.0625,0.0625,0,0
"AF139","38",10886,0.2,5.115625,5.84375,0.125,0.3125,0.46875,0.40625,0.375,0.125,1.0625,0.1875,1.375,0.40625,0.9375,0.625,0.1875,1.3125,0.09375,0.34375,0.09375,0,0,0,0,0,0,0,0,0.125,0,0,0.03125,0.34375,0.375,0,0,0,0,0.15625,0.03125,0,0,0,0,0.09375,0,0.09375,0.0625,0,0,0.1875,0,0.25,0.0625,0
"AF184","83",12206,0.001,3.76875,5.0125,0.03125,0,0.09375,0,0,0,0.03125,0.21875,1.15625,0,0.21875,0.46875,0,0.84375,0.25,0.1875,0.0625,0.125,0,0.25,0.53125,0.09375,0.34375,0,0,0.125,0.125,0.40625,0.71875,0.28125,0.25,0.25,0,0.03125,0,0.25,0,0,0.125,0.46875,0,0,0.0625,0,0,0.03125,0,0.03125,0,0,0,0
"AF201","138",21427952,0.001,4.63125,5.325,0.34375,0.5625,0.46875,0.0625,0.40625,0,0.0625,0.6875,0,0,0,0,0,0.46875,0.125,0,0.53125,0.0625,0,0.0625,0.46875,0.0625,0.46875,0.40625,0.09375,0.53125,0,0.15625,0,0,0,0,0,0.59375,0,1.21875,0,0,0,0,0.15625,0.125,0,0,0.15625,0.03125,0.09375,0,0.21875,0.125,0.0625,0
"AF333","69",11702,0.1,7.4125,4.878125,0.46875,0.0625,0.375,0.84375,0.1875,0.375,0.1875,0.125,0,0,0,0,0,0.15625,0.0625,0,0,0.09375,0,0,0,0,0.09375,0,0,0,0,0,0,0.0625,0.21875,0.09375,0.0625,0.28125,0,0.6875,0.3125,0.0625,0,0.125,0.1875,0.0625,0.03125,2.90625,1.6875,0.875,0,0.53125,0,0.21875,0.0625,0
"AF342","415",7770,0.001,3.540625,4.740625,0.1875,0.0625,0.1875,0,0.0625,0,0.03125,0,0.3125,0,0,0.03125,0,0.5,0,0.0625,0,0,0,0.21875,0.5625,0.1875,0.125,0.1875,0,0.15625,0.4375,0.71875,1.53125,0.375,0.34375,0.125,0.125,0.09375,0.09375,0.28125,0.125,0,0.125,0.3125,0,0,0.125,0,0,0.15625,0,0,0,0,0.03125,0
"AF370","388",76322,0.1,6.64375,5.6375,0.46875,0.03125,0.53125,1.40625,0.25,0.25,0,0.03125,0.25,0,0.0625,0.1875,0,0.5625,0.0625,0.15625,0,0,0,0,0,0,0.03125,0,0,0,0,0,0,0,0.0625,0,0,0.0625,0,0.53125,0.15625,0,0,0,0,0,0,2.625,1.4375,0.625,0.28125,0.4375,0.15625,0.25,0.125,0
"AF383","345",7144,0.01,5.78125,5.7125,0,0,0.3125,0.03125,0.375,0.03125,0.15625,0.65625,0,0.0625,0,0.09375,0,2.59375,1.21875,2.09375,1.53125,1.25,0.46875,0.25,0,0.09375,0.28125,0,0,0,0,0,0,0,0,0,0,0,0,0.28125,0,0,0,0,0,0.09375,0.03125,0.1875,0.09375,0,0,0.1875,0,0.25,0,0
"AF408","360",7222,0.1,5.909375,4.334375,0.21875,0.09375,0.25,0.0625,0.25,0.15625,0.15625,0.25,0.125,0,0.0625,0.125,0,0.28125,0.125,0.1875,0.125,0.4375,0.09375,0,0.1875,0.0625,0.21875,0.0625,0,0,0,0,0.15625,0.15625,0.21875,0.40625,0.125,0.3125,0.28125,0.96875,0.53125,0.09375,0,0.25,1.375,0.53125,0.34375,0.25,0,0.1875,0.28125,0.375,0.625,0.375,0.15625,0
"AF445","530",9589,0.2,4.55,5.44375,1.03125,0.25,0.15625,0,0.46875,0,0.0625,0.1875,0.0625,0.125,0,0,0,0.3125,0.125,0.09375,0,0.28125,0.15625,0.75,1.25,0.0625,0.875,0.15625,0.09375,0.09375,0,0,0,0.03125,0,0.125,0.21875,0.46875,0.09375,0.40625,0.03125,0,0,0,0,0.03125,0.0625,0.0625,0.125,0,0.0625,0.15625,0,0,0.03125,0
"AF552","433",79104,0.3,6.55625,3.9375,0.03125,0,0.125,0,0.15625,0.0625,0.125,0.0625,0,0,0,0,0,0.1875,0,0,0.125,0,0.1875,0,0,0,0,0,0,0,0,0,0,0.0625,0,0.09375,0,0,0,0.28125,0.40625,0.1875,0,0.15625,0.1875,0.46875,0,0.6875,0.28125,1.25,0.28125,3.3125,0.09375,0.21875,0.09375,0
"AF586","432",7909,0.001,2.0125,5.071875,0.28125,0.0625,0.125,0.09375,0.28125,0.125,0.03125,0.09375,0.25,0.03125,0,0.09375,0,0.4375,0,0,0,0,0,0,0.3125,0,0.125,0,0,0,0.09375,0.21875,0,0.0625,0,0.03125,0,0.03125,0,0.09375,0.03125,0,0.125,0,0,0.375,0.0625,0,0.03125,0.09375,0.03125,0.21875,0.3125,0.0625,0,0
"AF610","431",78944,0.1,7.096875,4.75625,0.5,0,0.375,2.65625,0.4375,0.15625,0.09375,0,0,0,0.09375,0.09375,0,0.6875,0.25,0.21875,0,0.0625,0.1875,0,0,0,0.03125,0,0.09375,0,0,0,0,0,0,0,0,0,0,0.21875,0.125,0,0,0,0,0.15625,0,0.96875,1.3125,1.375,0.3125,1.21875,0.40625,0.25,0.21875,0
"AF612","159",2758778,0.01,5.765625,6.16875,0.40625,0,0.28125,0,0.125,0,0.09375,0,0.09375,0.21875,0,0,0,0.5,0.09375,0,0.09375,0.0625,0.125,2.25,2.15625,0.15625,1.90625,0.375,0,0.03125,0,0.40625,0.21875,0,0.3125,0.25,0.03125,0.0625,0.09375,0.1875,0,0,0,0.125,0.03125,0,0,0,0,0,0,0.0625,0,0.03125,0,0
"AF647","60",1140,0.01,1.740625,4.771875,0.1875,0,0.09375,0,0.25,0,0.0625,0.09375,0.21875,0,0,0.15625,0,0.4375,0,0.125,0,0.03125,0.125,0.0625,0.625,0.0625,0.125,0,0.0625,0.0625,0.21875,0.375,0,0.1875,0,0.0625,0.03125,0.0625,0.09375,0.34375,0.0625,0.09375,0.09375,0,0.0625,0.0625,0.25,0.125,0,0,0,0.03125,0.03125,0,0,0
"AF719","98",14057,0.01,5.021875,3.271875,0.15625,0,0.09375,0,0.15625,0,0.0625,0,0.40625,0.125,0.15625,0.3125,0.125,0.28125,0.1875,0.03125,0,0,0.09375,0,0,0,0.125,0.09375,0.0625,0,0.53125,0.25,1.25,1.1875,0.71875,0.34375,0,0.25,0,0.21875,0.15625,0.0625,0.84375,0.84375,0.03125,0.0625,0.21875,0,0.03125,0.3125,0,0.28125,0.1875,0,0,0
"AF890","527",9261,0.1,4.06875,4.715625,0.0625,0.125,0.09375,0.0625,0.09375,0,0,0.03125,0.0625,0.21875,0.125,0,0,0.78125,0.25,0.4375,0,0.0625,0,0.21875,0.1875,0.28125,0.34375,0.15625,0.375,0,0.5625,0.34375,0.125,0.5,0.59375,0,0.375,0.09375,0.0625,0.0625,0.125,0.40625,0.0625,0.28125,0,0,0.125,0.03125,0.125,0.0625,0.125,0.46875,0,0.03125,0,0
"AF899","120",15651,1,5.90625,4.16875,0.65625,0.03125,0.15625,0,0.1875,0,0.34375,0,0.0625,0.28125,0,0.03125,0,0.125,0,0.09375,0,0,0.125,0.4375,1.65625,0,0.53125,0.34375,0,0.03125,0.0625,0.15625,0.03125,0.21875,0,0.3125,0.15625,0.625,0.71875,0.625,0.21875,0.59375,0,0.375,0,0.21875,0.1875,0,0,0.15625,0,0.09375,0,0.03125,0.125,0
"AF914","53",11002,7e-04,4.8875,4.53125,1.09375,0.65625,0.46875,0,0.375,0.15625,0.15625,0,0.03125,0.09375,0.0625,0,0,0.0625,0,0,0,0.0625,0,0.03125,0.15625,0,0,0,0,0,0.09375,0.125,0.09375,0.5,0.375,0.3125,1.25,0.1875,0.5,0.1875,0.03125,0.09375,0.0625,0.34375,0.1875,0.03125,0.125,0.03125,0.0625,0.03125,0,0.15625,0,0.03125,0,0
"AF925","364",7335,0.1,6.953125,4.13125,0.5625,0.1875,0.875,0.125,0.125,0.4375,1.09375,0.09375,0.84375,0.1875,0.5625,0.21875,0.21875,0.59375,0.0625,0,0,0,0,0.0625,0.0625,0,0,0.03125,0,0.03125,0,0,0,0.375,0.5625,0.625,0.71875,0.09375,0.0625,0.25,0.5625,0.0625,0,0.46875,0.09375,0.3125,0,0.03125,0.125,0.53125,0.0625,0.25,0.09375,0,0.21875,0
"AF986","529",93009,0.01,5.465625,5.903125,0.34375,0.125,1.09375,0.65625,1,1.25,0.46875,0.3125,0.375,0.40625,0,0.125,0,0.40625,0,0.28125,0.09375,0,0,0,0,0,0,0,0,0,0,0,0,0,0,0,0,0.21875,0,0.5625,0,0,0,0,0,0.09375,0.09375,1.40625,1.125,0.3125,0,0.5,0.21875,0.09375,0,0
"AI029","457",8025,0.05,1.87586206896552,5.21724137931034,0.206896551724138,0,0.206896551724138,0,0.0689655172413793,0.0689655172413793,0.137931034482759,0.206896551724138,0.620689655172414,0,0.137931034482759,0.137931034482759,0,0.482758620689655,0,0.103448275862069,0.241379310344828,0,0.0344827586206897,0,0,0.0689655172413793,0.0689655172413793,0.0344827586206897,0,0,0,0,0,0.137931034482759,0.103448275862069,0,0,0,0,0.0344827586206896,0,0,0,0,0,0,0,0,0.0344827586206897,0,0,0.344827586206896,0.0344827586206897,0,0.103448275862069,0
"AI094","398",7749,0.01,5.41034482758621,5.21034482758621,0.172413793103448,0,0.379310344827586,0.0689655172413793,0.103448275862069,0.137931034482759,0.482758620689655,0.0344827586206897,1.03448275862069,0.103448275862069,0.241379310344828,0.448275862068966,0.103448275862069,1.68965517241379,0.206896551724138,0.689655172413793,0.137931034482759,0,0,0.0689655172413793,0.275862068965517,0,0,0.0689655172413793,0.0344827586206897,0.137931034482759,0.413793103448276,0,0,0.413793103448276,0.172413793103448,0.0689655172413793,0,0,0,0.0344827586206897,0.103448275862069,0,0,0,0.103448275862069,0.482758620689655,0,0.793103448275862,0.206896551724138,0.482758620689655,0.310344827586207,1.20689655172414,0.482758620689655,0.137931034482759,0.0344827586206897,0
"AI292","192",326,0.1,5.59310344827586,5.48275862068965,1.17241379310345,0.344827586206897,1.48275862068966,0,0.620689655172414,0.0689655172413793,0,0.275862068965517,0.344827586206896,0.0689655172413793,0,0.0344827586206897,0,0.448275862068966,0,0,0.413793103448276,0.103448275862069,0,0.793103448275862,0.586206896551724,0.793103448275862,0.172413793103448,0.172413793103448,0,0,0,0,0,0.586206896551724,0.551724137931034,0.379310344827586,0.551724137931034,0.862068965517241,0.103448275862069,0.482758620689655,0,0,0,0,0.103448275862069,0.0344827586206897,0,0.103448275862069,0.137931034482759,0.0344827586206897,0.103448275862069,0.103448275862069,0.0689655172413793,0.241379310344828,0.206896551724138,0
"AI610","237",5281515,0.3,4.075,5.78928571428571,0.928571428571428,0.0714285714285715,1.53571428571429,0.178571428571429,0.642857142857143,0.714285714285714,0.178571428571429,0.285714285714286,0.5,0.357142857142857,0,0,0.142857142857143,0.785714285714286,0,0.107142857142857,0.857142857142857,0,0.0714285714285715,0,0,0.0714285714285715,0,0,0,0,0,0,0,0.285714285714286,0.392857142857143,0.0714285714285714,0,0.642857142857143,0.107142857142857,0.321428571428572,0,0,0,0,0,0,0,0.464285714285714,0.428571428571429,0,0,0,0.0357142857142857,0.0357142857142857,0.142857142857143,0
"AI614","356",7165,0.01,3.83103448275862,4.92413793103448,0.310344827586207,0,0.655172413793104,0.0689655172413793,0.448275862068966,0.482758620689655,0.379310344827586,0.172413793103448,0.655172413793104,0.206896551724138,0,0.241379310344828,0,0.344827586206897,0,0,0.137931034482759,0.206896551724138,0.137931034482759,0,0.172413793103448,0,0.241379310344828,0.0689655172413793,0,0.275862068965517,0.0344827586206897,0.0344827586206897,0,0.275862068965517,0.551724137931034,0.0344827586206897,0,0.103448275862069,0.310344827586207,0.96551724137931,0.103448275862069,0,0.0344827586206897,0.137931034482759,0.551724137931034,0.0344827586206897,0,0.0344827586206897,0.0689655172413793,0.310344827586207,0,0,0.310344827586207,0.172413793103448,0.137931034482759,0
"AI636","441",7921,1,4.78214285714286,5.91785714285714,0.285714285714286,0.107142857142857,0.285714285714286,0,0.0714285714285714,0,0.178571428571429,0,0.5,0,0.285714285714286,0.214285714285714,0.285714285714286,1.82142857142857,1.53571428571429,1.07142857142857,1,0.285714285714286,0.5,0.321428571428571,0.142857142857143,0,0.535714285714286,0.107142857142857,1,0.357142857142857,0.0357142857142857,0.0714285714285714,0,0,0,0,0,0,0,0.0714285714285715,0.107142857142857,0,0,0,0,0.321428571428572,0,0.178571428571429,0.0357142857142857,0.142857142857143,0,0.321428571428572,0.0714285714285715,0.0714285714285715,0,0
"AI722","391",7654,0.1,4.66428571428571,5.375,0.178571428571429,0,0.607142857142857,0.25,0.107142857142857,0,1.25,0.178571428571429,1.17857142857143,0.178571428571429,0.857142857142857,0.571428571428572,0.107142857142857,1.07142857142857,0,0.0714285714285715,0.142857142857143,0,0,0.0357142857142857,0,0,0,0.0714285714285714,0,0,0.107142857142857,0,0.178571428571429,0.535714285714286,0.928571428571428,0.142857142857143,0,0,0.142857142857143,0.0357142857142857,0,0,0,0.142857142857143,0,0,0.285714285714286,0.321428571428571,0.0357142857142857,0,0,0.428571428571429,0,0,0,0
"AI856","429",7888,0.5,3.35357142857143,6.21785714285714,0.214285714285714,0.0357142857142857,0.321428571428571,0.107142857142857,0.0714285714285715,0.0357142857142857,1.67857142857143,0.321428571428571,0.785714285714286,0.464285714285714,0.5,0.214285714285714,0.392857142857143,0.607142857142857,0.214285714285714,0.142857142857143,0.0714285714285714,0,0,0,0.107142857142857,0,0,0,0.178571428571429,0.392857142857143,0,0,0,0.0714285714285715,0.107142857142857,0,0,0,0,0.0714285714285715,0,0,0,0,0,0,0,0.142857142857143,0.0714285714285714,0,0.25,0.392857142857143,0.0357142857142857,0.0714285714285715,0,0
"AN132","366",7342,0.1,6.29,4.98666666666667,0.166666666666667,0,0.3,0.266666666666667,0.0333333333333333,0.133333333333333,0.3,0.1,2.13333333333333,0.566666666666667,0.5,1.76666666666667,0.5,1.5,0.3,0.366666666666667,0,0,0,0,0,0,0,0,0,0,0,0,0,0.8,0.733333333333333,0,0,0,0,0.233333333333333,0.466666666666667,0,0,0,0.333333333333333,0.6,0.133333333333333,0.633333333333333,0.466666666666667,1.23333333333333,0.266666666666667,1.66666666666667,0.2,0.4,0.133333333333333,0
"AN759","1",-1,1,6.99,7.72,0.133333333333333,0,0.0333333333333333,0,0.2,0.666666666666667,0.4,0,1.3,4.26666666666667,0.5,0,0,1.93333333333333,0.2,0.233333333333333,0,0,0,0,0.166666666666667,0,0,0,0,0.0333333333333333,0,0,0,0.866666666666667,0,0,0,0,0,0,0,0,0,0,0,0.0333333333333333,0,0.1,0.1,0.2,0.233333333333333,0.1,0,0,0.0666666666666667,0
"AN874","2",-2,0.1,6.46666666666667,7.8,0.133333333333333,0,1.03333333333333,0.0666666666666667,0.633333333333334,0.3,0.233333333333333,0.2,0.5,0.7,0.1,0.133333333333333,0,2.7,0.7,0.566666666666667,3.9,0.366666666666667,0.1,0.1,0.1,0,0.1,0,0.0666666666666667,0.0333333333333333,0,0,0,0,0,0,0,0,0,0,0,0,0,0,0,0,0,0.1,0.166666666666667,0,0,0.2,0,0,0,0
"AN890","97",12813,1,5.6,5.62666666666667,0.833333333333333,0.0666666666666667,0.533333333333333,0.133333333333333,0.7,0.0666666666666667,1.13333333333333,0.7,1.3,0.3,0.433333333333333,0.466666666666667,0.7,1.33333333333333,0.233333333333333,0.333333333333333,0.0666666666666667,0.0666666666666667,0,0,0.233333333333333,0,0.2,0.1,0.0666666666666667,1.53333333333333,0.2,0,0,0.1,0.133333333333333,0,0.1,0.1,0.0666666666666667,0.233333333333333,0,0,0,0,0,0,0,0.0333333333333333,0.133333333333333,0.0666666666666667,0.133333333333333,0,0.133333333333333,0.0333333333333333,0,0
"AN983","96",12810,1,5.46666666666667,5.85,0.4,0.166666666666667,0.5,0.166666666666667,0.833333333333333,0.166666666666667,0.633333333333333,0.366666666666667,1,0.166666666666667,0.233333333333333,0.333333333333333,0.466666666666667,1.33333333333333,0.4,0.8,0.1,0.2,0,0.166666666666667,0.3,0,0.233333333333333,0.433333333333333,0.866666666666667,1.9,0.0666666666666667,0.433333333333333,0,0,0.0666666666666667,0,0,0.233333333333333,0,0.333333333333333,0,0,0,0,0,0.0333333333333333,0,0,0.133333333333333,0,0,0,0.0333333333333333,0,0,0
"AO016","423",7793,0.5,5.81333333333333,6.10333333333333,1.06666666666667,0.433333333333333,0.633333333333333,0.2,0.433333333333333,0.766666666666667,1.9,0.333333333333333,0.966666666666667,2.43333333333333,0.2,0.233333333333333,0.1,0.766666666666667,0,0.166666666666667,0,0.1,0,0,0,0,0.1,0.0666666666666667,0,0,0,0,0,0.266666666666667,0,0,0,0.1,0,0.166666666666667,0.2,0,0,0,0,0.3,0,0.166666666666667,0.4,0.5,0.9,0.0666666666666667,0.233333333333333,0.6,0.266666666666667,0
"AO915","227",5281167,0.1,6.92,5.83666666666667,2.93333333333333,0.666666666666667,1,0.266666666666667,0.9,0.4,0.6,0.266666666666667,0.766666666666667,0.466666666666667,0.766666666666666,0.8,0.466666666666667,1.26666666666667,0,0,0,0,0,0,0.0666666666666667,0,0.1,0.0333333333333333,0,0.233333333333333,0,0,0,0.6,0.0666666666666667,0,0.133333333333333,0.5,0,0.0666666666666667,0,0,0,0,0,0,0,0.0333333333333333,0.133333333333333,0.0666666666666667,0.133333333333333,0.2,0.0333333333333333,0.133333333333333,0.0666666666666667,0
"AP745","259",5368076,0.3,5.54,5.35666666666667,1.06666666666667,0.333333333333333,0.533333333333333,0.2,0.5,0.3,1.2,0.5,1.63333333333333,0.366666666666667,0.533333333333333,0.933333333333333,0.433333333333333,1.7,0,0.133333333333333,0,0,0.1,0.0666666666666667,0.0666666666666667,0,0.133333333333333,0.0666666666666667,0,0.533333333333333,0,0,0,0.0666666666666667,0.0666666666666667,0,0,0.133333333333333,0.0666666666666667,0.533333333333333,0.433333333333333,0,0,0,0.0666666666666667,0,0,0.0666666666666667,0.2,0,0.566666666666667,0.2,0.433333333333333,0.766666666666667,0.233333333333333,0
"AQ145","530",9589,0.2,4.34333333333333,5.33,0.733333333333333,0,0.366666666666667,0,0.3,0,0.4,0.6,1.03333333333333,0.0333333333333333,0.2,0.266666666666667,0.133333333333333,1.86666666666667,0.533333333333333,1.06666666666667,0.133333333333333,0.133333333333333,0.2,0.333333333333333,0.833333333333333,0,0.2,0,0.0333333333333333,0.1,0.266666666666667,0.3,0.133333333333333,0.366666666666667,0.1,0,0,0.233333333333333,0,0.5,0.2,0,0,0,0.366666666666667,0.1,0,0.233333333333333,0,0,0.0333333333333333,0.233333333333333,0.2,0.366666666666667,0.1,0
"AQ230","340",700,0.5,7.17333333333333,2.25333333333333,0.533333333333333,0,0.4,0,0.0666666666666667,0.166666666666667,0.166666666666667,0.2,0,0,0,0,0,0.1,0,0,0.0666666666666667,0,0,0.0333333333333333,0.0333333333333333,0,0,0,0,0,0,0,0,0.1,0.133333333333333,0.0333333333333333,0,0.333333333333333,0,0.7,3.6,0.166666666666667,0,0.133333333333333,0.133333333333333,0.1,0.533333333333333,0.266666666666667,0.466666666666667,2.26666666666667,0.4,0.3,0,0.466666666666667,0.133333333333333,0
"AQ376","183",325,0.1,5.07333333333333,4.93333333333333,1.3,0.166666666666667,1.53333333333333,0,0.466666666666667,0.333333333333333,0.233333333333333,0.2,0.166666666666667,0,0.1,0.2,0,0.766666666666667,0.266666666666667,0.166666666666667,0.933333333333333,0.233333333333333,0.133333333333333,0.466666666666667,0.433333333333333,0.233333333333333,0.233333333333333,0.0666666666666667,0,0.0666666666666667,0.0666666666666667,0,0,0.466666666666667,0.5,0.1,0.533333333333333,0.633333333333333,0.3,0.6,0.166666666666667,0.0666666666666667,0.1,0,0.366666666666667,0.1,0.1,0.0666666666666667,0,0.666666666666667,0,0,0.3,0.333333333333333,0.2,0
"AQ473","243",5324978,0.3,6.05333333333333,3.79333333333333,0.8,0,0.533333333333333,0.333333333333333,0.533333333333333,0.2,0.433333333333333,0.366666666666667,0.166666666666667,0,0.0333333333333333,0,0,0.8,0.0666666666666667,0.1,0.166666666666667,0,0.1,0.233333333333333,0.433333333333333,0.133333333333333,0.0666666666666667,0.166666666666667,0.133333333333333,0.133333333333333,0.166666666666667,0,0,0.133333333333333,0.3,0,0.1,0.666666666666667,0.4,1.5,2.1,0.3,0.3,0.466666666666667,0.0666666666666667,0.133333333333333,0.733333333333333,0.0666666666666667,0.0666666666666667,0.633333333333334,0,0.1,0.133333333333333,0.2,0,0
"AQ615","83",12206,0.001,4.31666666666667,5.17666666666667,0.333333333333333,0,0.166666666666667,0,0.1,0.0333333333333333,0.433333333333333,0.266666666666667,1.86666666666667,0,0.633333333333333,0.666666666666667,0.133333333333333,1.76666666666667,0.466666666666667,0.4,0.1,0,0,0,0.133333333333333,0,0.266666666666667,0,0,0,0.2,0.166666666666667,0.366666666666667,0.7,0.533333333333333,0,0,0,0,0,0,0,0.2,0.3,0.2,0.133333333333333,0.0333333333333333,0.0666666666666667,0.0333333333333333,0.0666666666666667,0,0.366666666666667,0.133333333333333,0,0,0
"AQ640","38",10886,0.2,5.21333333333333,4.89333333333333,1.06666666666667,0.233333333333333,0.733333333333333,0.266666666666667,0.666666666666667,0.366666666666667,1,0.3,1.23333333333333,0.466666666666667,0.533333333333333,0.633333333333334,0.366666666666667,1.1,0.266666666666667,0.366666666666667,0,0.0666666666666667,0.3,0,0,0.0666666666666667,0,0.0666666666666667,0,0.133333333333333,0,0,0,0.366666666666667,0.466666666666667,0,0.366666666666667,0.1,0,0.533333333333333,0.3,0,0,0.0666666666666667,0.366666666666667,0.2,0.0333333333333333,0.1,0.266666666666667,0.3,0.466666666666667,0.1,0.233333333333333,0.466666666666667,0.0333333333333333,0
"AQ673","385",75634,0.2,4.82666666666667,4.09,1.26666666666667,0.1,0.366666666666667,0,0.0666666666666667,0.166666666666667,0.533333333333333,0.3,0.1,0,0,0,0,0.466666666666667,0.0666666666666667,0,0,0.0333333333333333,0,0.0666666666666667,0,0,0.1,0.266666666666667,0,0.1,0,0,0,0,0.0666666666666667,0.133333333333333,0,1.03333333333333,0.866666666666666,1.23333333333333,0.3,0,0,0.366666666666667,0.0333333333333333,0.233333333333333,0.133333333333333,0.233333333333333,0.0333333333333333,0.133333333333333,1.4,0,0.266666666666667,0.6,0,0
"AQ692","527",9261,0.1,4.34666666666667,4.80333333333333,0.233333333333333,0.1,0.3,0.233333333333333,0.433333333333333,0,0.5,0.4,0.9,0,0.1,0.4,0,1.46666666666667,0.433333333333333,0.766666666666667,0,0,0,0.1,0.266666666666667,0,0.133333333333333,0.133333333333333,0.2,0.0333333333333333,0.5,0.2,0,0.266666666666667,0.533333333333333,0,0.2,0.2,0.366666666666667,0.933333333333333,0.233333333333333,0.0333333333333333,0,0.133333333333333,0,0.0666666666666667,0.0666666666666667,0.133333333333333,0.1,0,0,0.133333333333333,0,0.266666666666667,0,0
"AQ736","221",4657,0.3,4.30666666666667,3.9,0.266666666666667,0,0.266666666666667,0,0.3,0,0.3,0.3,0.366666666666667,0,0.0666666666666667,0.0333333333333333,0.1,0.8,0.333333333333333,0.233333333333333,0.166666666666667,0.0333333333333333,0.2,0,0.133333333333333,0.0333333333333333,0.1,0.1,0.1,0.0333333333333333,0.1,0.1,0.166666666666667,0,0.133333333333333,0.1,0,0.333333333333333,0.266666666666667,0.766666666666667,1.13333333333333,0.3,0.0666666666666667,0.5,0.333333333333333,0.133333333333333,0.266666666666667,0.0666666666666667,0.0666666666666667,0.833333333333333,0.166666666666667,0,0.1,0.266666666666667,0.3,0
"AQ792","432",7909,0.001,4.40333333333333,5.06666666666667,1.13333333333333,0.133333333333333,0.8,0,0.233333333333333,0,0.8,0.466666666666667,1.16666666666667,0.233333333333333,0.233333333333333,0.366666666666667,0.133333333333333,1.4,0.166666666666667,0.1,0.0666666666666667,0,0.0333333333333333,0.0333333333333333,0.233333333333333,0.1,0,0,0,0,0.133333333333333,0.1,0,0.233333333333333,0.533333333333333,0,0.166666666666667,0.3,0,0.333333333333333,0.0333333333333333,0,0,0.2,0.266666666666667,0,0.133333333333333,0.0666666666666667,0,0.0333333333333333,0,0.3,0.3,0.266666666666667,0,0
"AQ892","528",92844,0.2,5.45333333333333,4.90666666666667,0.133333333333333,0.0666666666666667,0.233333333333333,0.266666666666667,0.2,0,0.633333333333333,0.133333333333333,0.7,0.1,0.3,0.366666666666667,0.133333333333333,1.5,1.2,0.733333333333333,0.633333333333334,0,0,0.3,0.466666666666667,0.0333333333333333,0.533333333333333,0.1,0.1,0.3,0.333333333333333,0.433333333333333,0.166666666666667,0.4,0.266666666666667,0.3,0.2,0.233333333333333,0.266666666666667,0.733333333333333,0.2,0.1,0.0666666666666667,0.366666666666667,0.3,0,0.2,0.2,0,0.1,0,0.2,0.466666666666667,0.133333333333333,0,0
"AQ938","129",18635,5e-06,3.24666666666667,5.31,1.73333333333333,0.4,0.433333333333333,0.1,0.266666666666667,0,0.166666666666667,0.2,0.6,0.0333333333333333,0.2,0.3,0.1,0.933333333333333,0.166666666666667,0.3,0.0666666666666667,0,0.0666666666666667,0.0333333333333333,0.366666666666667,0,0.133333333333333,0,0,0.133333333333333,0.0666666666666667,0.0666666666666667,0,0.1,0.2,0,0,0.533333333333333,0,0.366666666666667,0,0,0,0.0666666666666667,0.166666666666667,0,0,0.0666666666666667,0.1,0,0,0.166666666666667,0.2,0.1,0,0
"B253","122",177,0.001,4.26764705882353,5.94705882352941,0.235294117647059,0.0588235294117647,0.0294117647058823,0,0.0588235294117647,0.147058823529412,0.147058823529412,0,1.08823529411765,0.147058823529412,0.176470588235294,0.411764705882353,0.0882352941176471,0.970588235294118,0,0.117647058823529,0,0,0.0882352941176471,0.294117647058824,0.147058823529412,0.205882352941176,0.411764705882353,0.176470588235294,0,0.0588235294117647,0.205882352941176,0.147058823529412,0.0588235294117647,0.0882352941176471,0.147058823529412,0.264705882352941,0,0,0,0.176470588235294,0.0294117647058823,0,0,0.323529411764706,0,0.0588235294117647,0,0.117647058823529,0.147058823529412,0.117647058823529,0,0.352941176470588,0.0588235294117647,0.205882352941176,0,NA
"B546","143",2345,0.2,6.48235294117647,5.08823529411765,0.0588235294117647,0,0.323529411764706,0,0.176470588235294,0.117647058823529,0.0294117647058823,0.0882352941176471,1.14705882352941,0,0.205882352941176,0.352941176470588,0,1.20588235294118,0.323529411764706,0.235294117647059,0,0.117647058823529,0,0.470588235294118,0.470588235294118,0.294117647058824,0.647058823529412,0.470588235294118,0,0.176470588235294,0,0.0882352941176471,0.0588235294117647,0,0.705882352941176,0,0.117647058823529,0,0,0,0.323529411764706,0,0.0882352941176471,0.117647058823529,0,0.117647058823529,0,0.0588235294117647,0.0588235294117647,0.205882352941176,0.0294117647058823,1.11764705882353,0.0882352941176471,0,0,NA
"B623","380",7363,5e-05,3.92647058823529,4.99705882352941,0.147058823529412,0.0588235294117647,0,0,0.0588235294117647,0.0588235294117647,0.0294117647058823,0,0.323529411764706,0,0,0.0588235294117647,0,0.294117647058824,0,0.0294117647058823,0.0294117647058823,0,0.411764705882353,0.352941176470588,0.176470588235294,0.352941176470588,0.235294117647059,0.264705882352941,0,0,0.0294117647058823,0.411764705882353,0.411764705882353,0,0.176470588235294,0.352941176470588,1.44117647058824,0.0882352941176471,0.176470588235294,0.176470588235294,0,0.0882352941176471,0.117647058823529,0.117647058823529,0.0882352941176471,0.147058823529412,0,0,0.0294117647058823,0,0,0,0,0,0,NA
"B670","153",240,0.4,7.40882352941177,6.14705882352941,0.264705882352941,0,0.264705882352941,0.264705882352941,0.088235294117647,0.323529411764706,0.294117647058824,0.382352941176471,0.764705882352941,0.0882352941176471,0.470588235294118,1.05882352941176,0.117647058823529,1.14705882352941,0,0.0882352941176471,0.411764705882353,0.0588235294117647,0,0.147058823529412,0.0588235294117647,0.0882352941176471,0.735294117647059,0,0.0294117647058823,0,0,0,0,0.0294117647058823,0,0,0,0,0,0.205882352941176,0.441176470588235,0,0,0,0.088235294117647,0.705882352941176,0,0.529411764705882,0.382352941176471,0.470588235294118,0.147058823529412,0.441176470588235,0.264705882352941,0.0882352941176471,0,NA
"B713","241",5318042,0.005,4.70588235294118,5.51470588235294,0.470588235294118,0.0294117647058823,0.0588235294117647,0,0.0882352941176471,0.147058823529412,0.352941176470588,0,1.02941176470588,0.0588235294117647,0.0882352941176471,0.294117647058824,0.235294117647059,0.735294117647059,0,0.176470588235294,0,0,0,0.294117647058824,0.117647058823529,0.470588235294118,0.235294117647059,0.558823529411765,0,0.117647058823529,0.0588235294117647,0.205882352941176,0.294117647058824,0.264705882352941,0.147058823529412,0,0.235294117647059,0.117647058823529,0,0.147058823529412,0.0294117647058823,0,0,0.147058823529412,0.0588235294117647,0.147058823529412,0.0882352941176471,0,0.147058823529412,0,0.0294117647058823,0.323529411764706,0,0,0,NA
"B970","27",1049,7e-04,4.32352941176471,4.72941176470588,0.117647058823529,0.0588235294117647,0.117647058823529,0,0.0588235294117647,0.0882352941176471,0.0588235294117647,0,0.61764705882353,0,0.441176470588235,0,0,0.264705882352941,0,0,0,0,0,0.264705882352941,0,1.20588235294118,0.0588235294117647,0.264705882352941,0,0.0882352941176471,0.235294117647059,0,0.176470588235294,0.205882352941176,0.411764705882353,0.470588235294118,0.5,0.147058823529412,0.117647058823529,0.470588235294118,0.0588235294117647,0.441176470588235,0,1.08823529411765,0,0,0,0,0,0.0294117647058823,0,0.0588235294117647,0,0.147058823529412,0,NA
"C391","262",61325,0.002,4.45666666666667,5.65666666666667,0.166666666666667,0,0.0333333333333333,0,0.166666666666667,0,0.0666666666666667,0.133333333333333,1.2,0,0.233333333333333,0.366666666666667,0,0.9,0.666666666666667,0.233333333333333,0.3,0.0666666666666667,0.133333333333333,0.166666666666667,0,0.0333333333333333,0.1,0,0,0,0.0333333333333333,0.0333333333333333,0,0,0.133333333333333,0,0.1,0.166666666666667,0,0.4,0.0333333333333333,0,0,0,0,0,0,0,0,0,0,0.533333333333333,0.0333333333333333,0.0666666666666667,0,NA
"C542","160",31252,0.001,4.14,4.44666666666667,0.333333333333333,0,0,0,0.133333333333333,0,0,0,0.233333333333333,0.1,0,0,0.133333333333333,0.366666666666667,0.1,0.1,0,0.166666666666667,0,0,0.0666666666666667,0.0333333333333333,0,0.133333333333333,0,0,0,0.0333333333333333,0.0333333333333333,0,0.233333333333333,0.0666666666666667,0,0.8,0.1,0.933333333333333,0.133333333333333,0,0,0.0666666666666667,0.0333333333333333,0.233333333333333,0,0.533333333333333,0,0,0.133333333333333,0.533333333333333,0.0666666666666667,0.0666666666666667,0,NA
"C622","414",7765,7e-04,3.52666666666667,4.92666666666667,0.533333333333333,0.233333333333333,0.233333333333333,0.0666666666666667,0,0,0,0,1,0,0,0.366666666666667,0,1,0.1,0.0666666666666667,0,0.133333333333333,0,0.133333333333333,0,0,0,0,0,0,0.166666666666667,0,0.0333333333333333,0.166666666666667,0,0,0.0666666666666667,0,0.0666666666666667,0.233333333333333,0.133333333333333,0.0666666666666667,0,0,0.133333333333333,0.233333333333333,0,0,0.1,0,0.0333333333333333,0.5,0.0333333333333333,0.0333333333333333,0,NA
"C652","12",10400,0.001,3.53,4.94666666666667,0.233333333333333,0,0.0666666666666667,0,0,0.1,0.0666666666666667,0,0.333333333333333,0.133333333333333,0.0333333333333333,0.1,0,0.366666666666667,0,0.1,0,0,0,0.1,0,0,0.2,0.133333333333333,0,0.166666666666667,0.0333333333333333,0.133333333333333,0.0333333333333333,0,0.0666666666666667,0.3,0.3,0.0333333333333333,0.1,0.2,0.133333333333333,0,0,0.0666666666666667,0.233333333333333,0.266666666666667,0,0.0666666666666667,0,0,0,0.333333333333333,0.566666666666667,0,0,NA
"C702","157",27458,0.3,6.91666666666667,4.15666666666667,0.766666666666667,0.0666666666666667,0.266666666666667,0,0.233333333333333,0.166666666666667,0,0.133333333333333,0,0,0,0,0,0,0,0,0,0.0666666666666667,0.133333333333333,0.833333333333333,1.83333333333333,0.0333333333333333,1.3,0.533333333333333,0,0.1,0,0,0,0,0,0.0666666666666667,0,0.933333333333333,0.166666666666667,1.06666666666667,0.366666666666667,0.166666666666667,0.0666666666666667,0.0666666666666667,0.366666666666667,0.133333333333333,0.133333333333333,0.0666666666666667,0,0.366666666666667,0.366666666666667,0.1,0.233333333333333,0.1,0,NA
"C729","271",61809,0.05,6.99666666666667,3.92,0.2,0,0.0666666666666667,0,0.333333333333333,0,0,0.0666666666666667,0,0,0,0,0,0.266666666666667,0.233333333333333,0.133333333333333,0.1,0.433333333333333,0.533333333333333,0.633333333333333,0.6,0.433333333333333,0.9,0.1,0,0.0666666666666667,0.3,0.166666666666667,0.566666666666667,0.3,0.466666666666667,0.5,0.766666666666667,0,0.0333333333333333,0.433333333333333,0.0666666666666667,0.233333333333333,0.0666666666666667,0.366666666666667,0.466666666666667,0,0.3,0.133333333333333,0.1,0.466666666666667,0.4,0.533333333333333,0.0333333333333333,0,0,NA
"C749","519",8892,0.007,5.13333333333333,3.06666666666667,0.133333333333333,0,0.0333333333333333,0,0.2,0,0,0,0.0666666666666667,0,0,0,0,0.2,0,0,0,0,0,0.1,0.133333333333333,0.166666666666667,0.0666666666666667,0.333333333333333,0,0.233333333333333,0.6,0.0333333333333333,0.933333333333333,0.9,0.566666666666667,0.0666666666666667,0.133333333333333,0.0666666666666667,0.1,0.566666666666667,0,0.166666666666667,0.1,0.966666666666667,0.1,0.466666666666667,0.266666666666667,0.1,0,0.1,0.233333333333333,0.0666666666666667,0.3,0,0,NA
"C887","504",8785,0.003,4.78333333333333,5.23333333333333,0.3,0.166666666666667,0,0.0666666666666667,0.1,0.0666666666666667,0.233333333333333,0.0666666666666667,1.13333333333333,0.133333333333333,0.333333333333333,0.633333333333333,0.966666666666667,1.53333333333333,0.1,0,0,0,0,0.0666666666666667,0.0666666666666667,0,0,0,0.0666666666666667,0.166666666666667,0.0666666666666667,0,0,0.133333333333333,0,0,0,0.133333333333333,0,0.1,0.0666666666666667,0.1,0,0,0.166666666666667,0.4,0,0.133333333333333,0.0666666666666667,0,0.533333333333333,0.366666666666667,0.233333333333333,0,0,NA
"C979","266",61527,0.4,7.53333333333333,3.52,0.2,0.1,0.133333333333333,0.266666666666667,0.2,0.366666666666667,0.233333333333333,0.0333333333333333,0.133333333333333,0,0,0.133333333333333,0.1,0.733333333333333,0.366666666666667,0.133333333333333,0.0333333333333333,0.3,0,0.333333333333333,0,0.0333333333333333,0.133333333333333,0.1,0.0666666666666667,0,0,0,0,0.366666666666667,0.0333333333333333,0.133333333333333,0.0666666666666667,0.166666666666667,0.133333333333333,0.833333333333333,0.266666666666667,0,0,0.233333333333333,0.333333333333333,0.733333333333333,0,0.533333333333333,0.233333333333333,0.633333333333333,0.866666666666666,0,0.566666666666667,0.233333333333333,0,NA
"D109","325",6560,1,7.11,3.16333333333333,0,0,0.133333333333333,0,0,0,0,0,0,0.0333333333333333,0.0666666666666667,0.0666666666666667,0,0,0,0,0,0,0,0,0,0,0,0,0,0,0,0,0,0.4,0.233333333333333,0,0,0,0,0,1.3,0,0,0.0333333333333333,0.1,0.5,0,1.46666666666667,0.933333333333333,0.866666666666667,0.433333333333333,2.86666666666667,0.266666666666667,0.2,0,NA
"D141","483",8118,1e-04,4.22333333333333,4.84333333333333,0.1,0,0,0,0,0,0,0.0666666666666667,0,0,0.0666666666666667,0,0,0.4,0,0,0.0666666666666667,0.1,0.166666666666667,0.4,0.533333333333333,0.466666666666667,0.5,0.4,0.1,0.2,0.1,0.3,0.266666666666667,0.0333333333333333,0.3,0.1,0.766666666666667,0.133333333333333,0.166666666666667,0.3,0.1,0,0,0.4,0,0.0333333333333333,0,0,0,0.1,0,0,0,0,0,NA
"D171","287",62465,0.2,6.57333333333333,6.02,0.133333333333333,0,0.466666666666667,0.0666666666666667,0.933333333333333,0.366666666666667,0.233333333333333,0.133333333333333,0,0,0,0,0,0.9,0.433333333333333,0.533333333333333,2.03333333333333,1.13333333333333,0.633333333333334,0.333333333333333,0.0666666666666667,0.1,0.133333333333333,0,0,0.266666666666667,0,0,0,0,0,0,0,0.4,0.166666666666667,0.466666666666667,0.0333333333333333,0,0,0,0.3,0,0.0333333333333333,0.466666666666667,0.1,0,0.1,0,0.133333333333333,0.0666666666666667,0,NA
"D299","67",11552,5e-04,4.63333333333333,4.75333333333333,0.2,0,0.166666666666667,0,0,0,0.0666666666666667,0.133333333333333,0.2,0,0,0,0.133333333333333,0.533333333333333,0,0,0,0,0,0.2,0.9,0.566666666666667,1,0.333333333333333,0,0,0.266666666666667,0.2,0.166666666666667,0,0.3,0.233333333333333,0.0666666666666667,0,0,0.466666666666667,0.166666666666667,0.133333333333333,0,0.4,0.0666666666666667,0,0.1,0,0.0333333333333333,0,0,0.4,0,0,0,NA
"D313","462",8048,1,5.07,5.26,0.8,0.433333333333333,0.0333333333333333,0.166666666666667,0,0.0666666666666667,0.1,0,1.2,0.7,0.566666666666667,0.7,0.433333333333333,0.733333333333333,0,0.0333333333333333,0,0,0,0,0,0,0.0666666666666667,0.366666666666667,0,0.5,0.133333333333333,0,0,0,0,0,0,0,0,0.333333333333333,0,0,0,0,0,0.233333333333333,0,0,0.233333333333333,0,0.133333333333333,0.166666666666667,0.466666666666667,0.533333333333333,0.266666666666667,NA
"D323","341",7047,0.001,4.10333333333333,4.13,0.366666666666667,0,0,0,0.133333333333333,0.1,0,0.133333333333333,0.133333333333333,0,0.2,0,0.1,0.2,0.133333333333333,0.133333333333333,0.133333333333333,0.0666666666666667,0.133333333333333,0.233333333333333,0.1,0.2,0.133333333333333,0,0,0,0,0.1,0.166666666666667,0.233333333333333,0.1,0.1,0.166666666666667,0.166666666666667,0,0.466666666666667,0.2,0.266666666666667,0,0.5,0.366666666666667,0.1,0,0.1,0,0,0.433333333333333,0.4,0.3,0,0,NA
"D564","498",8452,0.01,4.73666666666667,4.97333333333333,0.366666666666667,0,0.166666666666667,0,0.2,0,0.333333333333333,0,0.533333333333333,0.166666666666667,0.566666666666667,0.266666666666667,0.133333333333333,0.866666666666666,0.0666666666666667,0.233333333333333,0.1,0.0333333333333333,0,0.366666666666667,0.233333333333333,0.1,0.233333333333333,0.1,0,0.2,0.0666666666666667,0.133333333333333,0,0.366666666666667,0,0,0.1,0,0,0.0666666666666667,0.166666666666667,0.133333333333333,0,0.5,0.0666666666666667,0.1,0,0.266666666666667,0.2,0.0666666666666667,0.0666666666666667,0.8,0.166666666666667,0,0,NA
"E058","140",22201,0.002,4.74666666666667,6.35,0.233333333333333,0,0,0,0.466666666666667,0.2,0,0,0,0,0,0,0,0.4,0.333333333333333,0.333333333333333,0.0333333333333333,0.2,0,0.966666666666667,2,0.333333333333333,1.96666666666667,0.266666666666667,0,0,0.166666666666667,0.2,0,0,0.0333333333333333,0,0,0.133333333333333,0,0.266666666666667,0.0333333333333333,0,0,0.0666666666666667,0,0,0,0,0,0,0,0,0,0,0,NA
"E449","296",637511,1e-04,3.26,5.01,0.333333333333333,0.1,0.233333333333333,0.1,0.233333333333333,0,0.1,0,0.266666666666667,0,0.2,0,0,0.533333333333333,0.133333333333333,0.233333333333333,0.266666666666667,0.1,0,0.233333333333333,0.133333333333333,0.133333333333333,0.166666666666667,0,0,0,0.0333333333333333,0,0.133333333333333,0.5,0.333333333333333,0.0333333333333333,0,0.1,0,0.133333333333333,0,0,0,0.433333333333333,0,0,0,0,0.1,0,0.0666666666666667,0.0333333333333333,0,0.133333333333333,0,NA
"E587","331",6736,5e-05,5.18,3.94333333333333,0,0,0,0,0.1,0,0,0.7,0.1,0,0,0,0,0.433333333333333,0,0.333333333333333,0,0.0333333333333333,0,0,0,0,0.166666666666667,0,0.0666666666666667,0,0,0,0.0333333333333333,0.0333333333333333,0.233333333333333,0.0666666666666667,0,0.1,0,1.33333333333333,0.166666666666667,0.1,0.4,0.333333333333333,0.366666666666667,0.466666666666667,0.4,0.266666666666667,0.0333333333333333,0.0666666666666667,0,0,0.3,0.2,0,NA
"E804","445",7966,0.004,4.46,4.82,0.2,0,0.0666666666666667,0,0.266666666666667,0.133333333333333,0.133333333333333,0.166666666666667,0.1,0.166666666666667,0,0,0,0.433333333333333,0.0666666666666667,0.133333333333333,0.166666666666667,0.0666666666666667,0,0.2,0.0333333333333333,0.166666666666667,0.0333333333333333,0.0666666666666667,0.0333333333333333,0.0333333333333333,0.166666666666667,0,0.1,0.3,0,0,0.166666666666667,0.0333333333333333,0,0.233333333333333,0.1,0,0.2,0.0666666666666667,0.166666666666667,0.3,0,0.6,0.366666666666667,0.133333333333333,0.3,0.266666666666667,0.333333333333333,0,0,NA
"E947","218",443162,1,5.94333333333333,5.70666666666667,0,0,1.1,0.233333333333333,0.7,0.8,0.0666666666666667,0.233333333333333,0.3,0.133333333333333,0,0,0,0.0666666666666667,0,0.0666666666666667,0.2,0.1,0,0.0333333333333333,0.1,0,0,0,0,0,0,0,0,0,0,0,0,0,0,0.1,0.533333333333333,0,0,0.133333333333333,0.133333333333333,0,0.0333333333333333,1.96666666666667,1.6,0.166666666666667,0.166666666666667,0.1,0.0666666666666667,0.0666666666666667,0.0666666666666667,NA
"F080","183",325,0.1,4.52777777777778,4.7,0.694444444444444,0.138888888888889,0.722222222222222,0,0.25,0.0555555555555555,0.166666666666667,0.138888888888889,0.0833333333333333,0.138888888888889,0,0.0277777777777778,0,0.194444444444444,0.0833333333333333,0,0.361111111111111,0,0.0555555555555555,0.472222222222222,0.194444444444444,0.0277777777777778,0.166666666666667,0.166666666666667,0,0.0555555555555555,0.0833333333333333,0.194444444444444,0.0833333333333333,0.333333333333333,0.0833333333333333,0,0.277777777777778,0.222222222222222,0.111111111111111,0.444444444444444,0.0833333333333333,0.111111111111111,0,0,0.166666666666667,0.0277777777777778,0,0.138888888888889,0.0555555555555555,0.222222222222222,0.0277777777777778,0,0,0.222222222222222,0.138888888888889,NA
"F422","117",15037,0.03,5.06388888888889,4.36388888888889,0.444444444444444,0.0833333333333333,0.0833333333333333,0,0.138888888888889,0.0277777777777778,0.0277777777777778,0,0.111111111111111,0,0,0,0.0555555555555555,0.138888888888889,0,0,0.0555555555555555,0.166666666666667,0.138888888888889,0.25,0.194444444444444,0,0.222222222222222,0.277777777777778,0,0.0555555555555555,0,0,0.111111111111111,0.111111111111111,0.333333333333333,0.194444444444444,0.305555555555556,0.111111111111111,0.416666666666667,0.388888888888889,0.138888888888889,0.138888888888889,0.0555555555555555,0.388888888888889,0.416666666666667,0.0555555555555555,0.0555555555555555,0.166666666666667,0.0833333333333333,0.138888888888889,0.0555555555555555,0.0833333333333333,0.222222222222222,0.0555555555555555,0.222222222222222,NA
"G427","129",18635,5e-06,4.765625,4.00625,0.28125,0.03125,0.0625,0,0.1875,0,0,0,0.1875,0,0,0,0,0.09375,0,0,0,0.09375,0,0.4375,0.46875,0.4375,0.25,0.53125,0,0,0.25,0.0625,0.40625,0.28125,0.6875,0.3125,0.5,0.1875,0.3125,0.4375,0,0.125,0.0625,1,0,0,0.0625,0,0,0.0625,0,0,0,0,0,NA
"G523","288",6276,0.01,3.875,3.946875,0.34375,0.125,0.1875,0,0.375,0.125,0.15625,0.125,0.3125,0.3125,0,0,0,0.59375,0.0625,0,0,0,0.09375,0,0.0625,0.03125,0,0.0625,0,0,0,0.09375,0.15625,0.46875,0.5,0.09375,0.09375,0,0,0.5,0,0.09375,0.65625,0.5625,0,0,0.15625,0,0,0.09375,0,0.3125,0.125,0.0625,0,NA
"H092","491",8144,7e-05,3.63333333333333,4.27,0,0.166666666666667,0.133333333333333,0.0333333333333333,0.1,0.0333333333333333,0,0,0,0,0,0,0,0,0,0,0.1,0,0.566666666666667,0.2,0.133333333333333,0,0,0.133333333333333,0,0.0666666666666667,0,0.2,0.2,0.1,0.433333333333333,0.166666666666667,1.13333333333333,0.166666666666667,0.1,0.633333333333333,0.133333333333333,0,0,0,0.433333333333333,0.0666666666666667,0.0666666666666667,0.1,0,0.133333333333333,0.0666666666666667,0.0333333333333333,0.266666666666667,0.0666666666666667,0,NA
"H127","416",7792,0.007,4.32666666666667,4.96666666666667,0.2,0.1,0.233333333333333,0.0666666666666667,0.1,0.166666666666667,0.6,0.266666666666667,0.166666666666667,0.333333333333333,0.233333333333333,0,0.0666666666666667,0.266666666666667,0,0,0.0666666666666667,0,0.233333333333333,0.0333333333333333,0,0,0,0.6,0.0333333333333333,0.333333333333333,0,0.166666666666667,0,0.0666666666666667,0,0,0.0333333333333333,0,0,0.266666666666667,0.3,0,0,0,0.366666666666667,0.0333333333333333,0,0,0.2,0,0.333333333333333,0.0333333333333333,0.466666666666667,0.633333333333333,0.2,NA
"H446","54",11176,0.001,4.49333333333333,3.99666666666667,0.0666666666666667,0,0,0,0.0666666666666667,0,0,0,0.5,0.133333333333333,0,0.366666666666667,0.0666666666666667,0.7,0.2,0,0.0666666666666667,0.166666666666667,0.1,0,0.0666666666666667,0,0,0,0,0,0.233333333333333,0.133333333333333,0.166666666666667,0.866666666666667,0.666666666666667,0.266666666666667,0.133333333333333,0.166666666666667,0,0.233333333333333,0.166666666666667,0,0.8,0.0333333333333333,0.233333333333333,0.133333333333333,0.166666666666667,0.0666666666666667,0.0666666666666667,0.1,0.0666666666666667,0,0.166666666666667,0.0666666666666667,0.0666666666666667,NA
"H488","132",20499,0.001,4.24,4.34333333333333,0.0333333333333333,0.0333333333333333,0.0333333333333333,0,0.0333333333333333,0,0,0,0,0,0,0,0,0.1,0,0,0.166666666666667,0.5,0.666666666666667,0.5,0.5,0.3,0.266666666666667,0.233333333333333,0,0,0,0,0,0.0333333333333333,0.4,0.633333333333334,0.966666666666667,0.3,0.0333333333333333,0.4,0.3,0.133333333333333,0,0.233333333333333,0.533333333333333,0.1,0.0666666666666667,0,0,0,0,0,0.166666666666667,0,0,NA
"H644","361",7244,0.001,4.78,4.13666666666667,0.166666666666667,0,0.133333333333333,0.1,0.233333333333333,0.0666666666666667,0,0.166666666666667,0,0.0333333333333333,0,0,0,0.366666666666667,0.266666666666667,0.0666666666666667,0.266666666666667,0.3,0.9,0.266666666666667,0.266666666666667,0.166666666666667,0.266666666666667,0.2,0,0,0,0,0,0.1,0.133333333333333,0,0,0,0,0.2,0.166666666666667,0.133333333333333,0,0.133333333333333,0.533333333333333,0.1,0,0.166666666666667,0,0.133333333333333,0.2,0,0.3,0.166666666666667,0,NA
"H714","348",7146,0.6,6.64,5.40333333333333,0.533333333333333,0.233333333333333,0.2,0.0666666666666667,0.233333333333333,0.166666666666667,2.26666666666667,0.566666666666667,0.266666666666667,0.2,0.133333333333333,0,0,1.06666666666667,0.2,0,0,0,0,0.133333333333333,0,0,0.166666666666667,0,0,0,0.0666666666666667,0,0,0.0666666666666667,0.1,0.1,0,0.166666666666667,0,0.4,0.0666666666666667,0.0333333333333333,0.0666666666666667,0,0.1,0.333333333333333,0.166666666666667,0,0,0,0.333333333333333,0.1,0.1,0,0.0666666666666667,NA
"H878","224",522674,0.1,7.46,2.72,0,0,0,0,0,0,0,0,0,0,0,0,0,0,0,0,0.133333333333333,0.133333333333333,0.0666666666666667,0.533333333333333,0.133333333333333,0.3,0.233333333333333,0.133333333333333,0,0,0,0.433333333333333,0.366666666666667,0.0666666666666667,0.2,1.7,2.23333333333333,0.1,0.1,0.233333333333333,0.1,0,0.566666666666667,1.83333333333333,0.1,0,0,0,0,0.366666666666667,0.233333333333333,0,0,0,0,NA
"I405","147",23642,0.3,6.43,3.75,0.1,0.0333333333333333,0,0.366666666666667,0.2,0.0666666666666667,0,0.0666666666666667,0.133333333333333,0,0,0,0,0.2,0,0,0.2,0.1,0.233333333333333,0.666666666666667,0.233333333333333,0.6,0.266666666666667,0,0,0.166666666666667,0.133333333333333,0.166666666666667,0,0.133333333333333,0.133333333333333,0.2,0.433333333333333,0,0.133333333333333,0.9,0.166666666666667,0.6,0.233333333333333,0.666666666666667,0.166666666666667,0.5,0,0.433333333333333,0.366666666666667,0.3,0,0.333333333333333,0.5,0.1,0,NA
"I463","315",6544,0.02,3.98333333333333,5.40666666666667,0.233333333333333,0.133333333333333,0.8,0.0666666666666667,1,0.266666666666667,0.266666666666667,0.166666666666667,0,0.0333333333333333,0.0333333333333333,0.133333333333333,0,0.566666666666667,0,0,0.166666666666667,0,0.0666666666666667,0.0666666666666667,0.233333333333333,0.0333333333333333,0.1,0,0.1,0,0,0,0,0.0666666666666667,0,0.166666666666667,0,0,0,0.366666666666667,0.1,0,0,0,0,0.0333333333333333,0,0.566666666666667,0.0666666666666667,0,0.0666666666666667,0.2,0.333333333333333,0.0666666666666667,0,NA
"I666","478",8094,0.4,6.12,3.22333333333333,0,0,0,0,0,0,0.233333333333333,0,0.1,0,0,0,0.133333333333333,0.233333333333333,0,0,0.1,0.0666666666666667,0,0,0.0666666666666667,0.166666666666667,0.0666666666666667,0.133333333333333,0,0.766666666666667,0.233333333333333,0,0.9,0.766666666666667,0.9,0,0,0.333333333333333,0,1.2,0.5,0,0.0333333333333333,0.2,0.133333333333333,0.533333333333333,0.333333333333333,0.0333333333333333,0,0.1,0,0.0333333333333333,0.5,0,0.0333333333333333,NA
"I714","302",637564,0.001,4.83666666666667,6.10333333333333,0.666666666666667,0.1,0.166666666666667,0,0.1,0,0.166666666666667,0,1.36666666666667,0,0.133333333333333,0.3,0,1.33333333333333,0.233333333333333,0.1,0.0666666666666667,0,0,0.2,0.266666666666667,0,0.6,0.3,0.1,0.233333333333333,0.2,0,0,0,0.133333333333333,0.433333333333333,0,0,0,0.2,0.0333333333333333,0,0,0.4,0,0,0,0,0.0333333333333333,0.133333333333333,0,0,0,0,0,NA
"I769","497",8375,1,6.32333333333333,5.37333333333333,0,0,0,0.633333333333334,0.366666666666667,0.6,0.6,0.1,0.5,0,0,0.166666666666667,0,0.966666666666667,0.0666666666666667,0,0,0.1,0.133333333333333,0.2,0.133333333333333,0,0,0,0.1,0.133333333333333,0.1,0,0,0.0666666666666667,0,0,0,0,0,0.833333333333333,0.266666666666667,0,0,0.0666666666666667,0.666666666666667,0.633333333333333,0.2,0.666666666666667,0.366666666666667,0,0.4,0.3,0.4,0.0666666666666667,0,NA
"J087","385",75634,0.2,4.5,4.58620689655172,0.655172413793104,0.275862068965517,0.413793103448276,0,0.379310344827586,0,0,0.103448275862069,0.137931034482759,0,0,0,0,0.241379310344828,0,0,0,0.137931034482759,0.103448275862069,0.103448275862069,0.862068965517242,0.137931034482759,0.413793103448276,0.137931034482759,0,0,0,0.310344827586207,0,0,0.0689655172413793,0.0689655172413793,0.0344827586206896,0.793103448275862,0.620689655172414,0.758620689655172,0.0344827586206896,0.310344827586207,0,0.448275862068966,0,0.103448275862069,0.0689655172413793,0,0,0,0,0,0,0.0689655172413793,0,NA
"J093","528",92844,0.2,5.11481481481481,4.48888888888889,1.14814814814815,0.296296296296296,0.333333333333333,0,0.185185185185185,0,0.407407407407407,0.111111111111111,0.296296296296296,0.111111111111111,0.259259259259259,0,0.111111111111111,0.555555555555556,0.111111111111111,0,0.259259259259259,0,0.555555555555556,0.111111111111111,0.222222222222222,0.0740740740740741,0,0,0,0,0.0740740740740741,0.222222222222222,0,0.296296296296296,0.333333333333333,0.259259259259259,0.481481481481482,0.407407407407407,0.703703703703703,0.0740740740740741,0.0740740740740741,0.407407407407407,0,0.296296296296296,0.259259259259259,0.0740740740740741,0,0,0,0.259259259259259,0,0,0.037037037037037,0,0.222222222222222,NA
"J215","73",11781,0.05,5.26333333333333,4.42,0.266666666666667,0,0.333333333333333,0.133333333333333,0.433333333333333,0.3,0.3,0.366666666666667,0.0666666666666667,0,0,0.166666666666667,0,0.2,0,0.0333333333333333,0.0666666666666667,0,0,0,0.0333333333333333,0,0.0666666666666667,0,0,0.1,0,0,0,0,0,0.166666666666667,0,0.366666666666667,0.0666666666666667,1.56666666666667,0.266666666666667,0.133333333333333,0.0333333333333333,0.233333333333333,1,0.5,0.233333333333333,0.466666666666667,0.3,0,0,0,0.5,0,0.166666666666667,NA
"J346","515",8858,0.01,5.825,4.99285714285714,0.142857142857143,0.107142857142857,0.321428571428571,0.428571428571429,0.214285714285714,0.178571428571429,0.5,0.25,0.142857142857143,0.178571428571429,0,0,0.107142857142857,0.785714285714286,0.285714285714286,0,0.178571428571429,0,0.0714285714285714,0.285714285714286,0.107142857142857,0,0.464285714285714,0,0.214285714285714,0.142857142857143,0.0714285714285714,0,0,0,0,0.178571428571429,0,0.107142857142857,0,0.392857142857143,0.535714285714286,0,0,0.107142857142857,0.178571428571429,0.678571428571428,0.0357142857142857,0.214285714285714,0.0714285714285715,0.607142857142857,0.357142857142857,0.892857142857143,0.178571428571429,0.214285714285714,0.321428571428571,NA
"J497","371",7344,0.15,5.55714285714286,4.68571428571429,0.607142857142857,0,0.25,0,0.214285714285714,0,0.321428571428571,0,0.607142857142857,0.107142857142857,0.0714285714285714,0.107142857142857,0,0.357142857142857,0,0,0,0.535714285714286,0.0357142857142857,0.25,0.0714285714285715,0.142857142857143,0,0,0,0.107142857142857,0.107142857142857,0,0,1.17857142857143,0.678571428571428,0.428571428571429,0.142857142857143,0.285714285714286,0.214285714285714,0.285714285714286,0.571428571428572,0,0,0.142857142857143,0.25,0.321428571428571,0,0.178571428571429,0,0.428571428571429,0,0.392857142857143,0.0714285714285715,0,0.107142857142857,NA
"J594","221",4657,0.3,3.64827586206897,4.64827586206897,0.241379310344828,0,0.344827586206896,0.137931034482759,0.137931034482759,0,0.482758620689655,0.448275862068966,0.137931034482759,0,0.0689655172413793,0,0,0.379310344827586,0.137931034482759,0,0.344827586206896,0,0.172413793103448,0.0689655172413793,0.0689655172413793,0.0689655172413793,0.103448275862069,0,0,0,0,0,0,0.172413793103448,0.103448275862069,0,0,0.172413793103448,0.0344827586206897,0.344827586206897,0.275862068965517,0.96551724137931,0.172413793103448,0,0,0.0344827586206896,0.0689655172413793,0.137931034482759,0,0.137931034482759,0,0.172413793103448,0.137931034482759,0.103448275862069,0.137931034482759,NA
"J612","11",10313079,0.2,4.94074074074074,2.73333333333333,0.0740740740740741,0.0740740740740741,0.111111111111111,0,0.37037037037037,0,0.111111111111111,0,0,0,0,0,0,0.0740740740740741,0,0,0.185185185185185,0,0.185185185185185,0.0740740740740741,0,0.185185185185185,0,0.0740740740740741,0,0,0,0,0,0,0,0.037037037037037,0,0.185185185185185,0.111111111111111,0.703703703703704,0.814814814814815,2.03703703703704,0.518518518518519,0.777777777777778,0,0,0.37037037037037,0,0,0,0,0,0.0370370370370371,0,0,NA
"J613","89",12367,0.1,5.9,5.80666666666667,1.06666666666667,0.333333333333333,0.5,0,0.233333333333333,0.4,1,0.166666666666667,0.6,0.966666666666667,0.333333333333333,0,0,0.733333333333333,0.1,0,0.133333333333333,0,0.133333333333333,0,0,0,0,0.3,0.266666666666667,0.133333333333333,0,0,0,0.2,0.1,0,0,0.2,0.0666666666666667,0.7,0.333333333333333,0,0,0,0.2,0,0,0,0.0333333333333333,0,0.2,0.0333333333333333,0.1,0.4,0.233333333333333,NA
"J622","340",700,0.5,5.50357142857143,2.25,0,0,0.178571428571429,0,0.0357142857142857,0,0.0714285714285714,0.214285714285714,0,0,0,0,0,0,0,0,0,0,0,0,0.107142857142857,0,0,0,0,0,0,0,0,0,0,0,0,0.25,0.142857142857143,0.535714285714286,3.07142857142857,0.571428571428572,0,0.142857142857143,0,0.142857142857143,0,0,0,0.0714285714285714,0,0,0.107142857142857,0,0,NA
"J670","130",18840,0.005,6.07666666666667,3.22333333333333,0.0666666666666667,0,0.2,0,0.166666666666667,0.0666666666666667,0.4,0.166666666666667,0.666666666666667,0,0.133333333333333,0.133333333333333,0.1,0.3,0,0,0.0666666666666667,0,0,0.1,0,0,0.1,0.0666666666666667,0,0.0666666666666667,0.6,0.0666666666666667,1.8,0.533333333333333,0.566666666666667,0.0666666666666667,0,0.1,0.133333333333333,0.333333333333333,0.3,0,0.566666666666667,0.866666666666667,0.3,0,0.0666666666666667,0.433333333333333,0,0.633333333333333,0,0.0666666666666667,0.1,0,0.133333333333333,NA
"K853","498",8452,0.01,4.815625,5.603125,0.09375,0.0625,0.09375,0.03125,0.28125,0.0625,0.25,0.3125,0.28125,0,0.09375,0.0625,0,1.15625,0.3125,0.21875,0.40625,0,0,0.125,0,0,0,0,0.03125,0,0.21875,0,0.0625,0.34375,0.28125,0,0.125,0.125,0.03125,0,0.15625,0,0,0.15625,0.34375,0.40625,0,0.25,0.3125,0.1875,0,0.59375,0.75,0.09375,0.21875,NA
"L218","76",12180,0.003,5.46,4.21,0.166666666666667,0.0333333333333333,0.166666666666667,0.0333333333333333,0.0333333333333333,0,0.3,0,0.433333333333333,0,0.0666666666666667,0.266666666666667,0,0.866666666666666,0,0.133333333333333,0.1,0.133333333333333,0,0.133333333333333,0.333333333333333,0.1,0.5,0.3,0.133333333333333,0,0.733333333333333,0.4,1.3,0.8,0.466666666666667,0.166666666666667,0.0333333333333333,0,0,0.133333333333333,0,0,0.4,0.5,0,0,0,0,0.0333333333333333,0.366666666666667,0,0.3,0,0,0,NA
"L973","288",6276,0.01,3.78,5.06,0.4,0,0.266666666666667,0.1,0.366666666666667,0.233333333333333,0.533333333333333,0.2,0.866666666666667,0.266666666666667,0.166666666666667,0.333333333333333,0.133333333333333,0.733333333333333,0,0,0,0,0,0,0,0,0.133333333333333,0.0333333333333333,0,0,0.2,0,0.333333333333333,0.2,0.166666666666667,0,0,0.233333333333333,0,0.266666666666667,0.233333333333333,0,0,0.2,0.1,0.0333333333333333,0.1,0,0.1,0.133333333333333,0.0666666666666667,0.133333333333333,0.0666666666666667,0,0,NA
