stimulus,Intensity,Pleasantness,Green,Cucumber,Herbal,Mint,Woody,Pine,Floral,Powdery,Fruity,Citrus,Tropical,Berry,Peach,Sweet,Caramellic,Vanilla,BrownSpice,Smoky,Burnt,Roasted,Grainy,Meaty,Nutty,Fatty,Coconut,Waxy,Dairy,Buttery,Cheesy,Sour,Fermented,Sulfurous,Garlic.Onion,Earthy,Mushroom,Musty,Ammonia,Fishy,Fecal,Rotten.Decay,Rubber,Phenolic,Animal,Medicinal,Cooling,Sharp,Chlorine,Alcoholic,Plastic,Ozone,Metallic
A095,7.579411765,2.2,0,0,0,0,0,0,0.235294118,0,0.294117647,0,0,0.235294118,0,0.382352941,0,0,0,0,0,0,0,0.382352941,0,0.764705882,0,0.382352941,0.411764706,0.441176471,1.176470588,0.794117647,1.088235294,0.117647059,0.147058824,0.058823529,0,0.764705882,0.529411765,0.058823529,1.323529412,1,0.176470588,0,0.352941176,0,0.029411765,0.411764706,0.176470588,0.029411765,0.088235294,0.029411765,0
A240,5.976470588,5.397058824,1.088235294,0.058823529,1.264705882,0.205882353,0.735294118,0.647058824,0.117647059,0.235294118,0.058823529,0.558823529,0.058823529,0,0.058823529,0.147058824,0,0.058823529,0.147058824,0,0,0,0.058823529,0,0.058823529,0.058823529,0,0.147058824,0,0,0,0.117647059,0,0,0,0.235294118,0,0.411764706,0.117647059,0,0,0.088235294,0.235294118,0.176470588,0,0.470588235,0.411764706,0.088235294,0.147058824,0,0.235294118,0.5,0.058823529
A315,5.761764706,5.176470588,0.411764706,0,0.382352941,0,0.058823529,0.147058824,0,0,0.852941176,0.147058824,0.264705882,0.352941176,0,0.794117647,0.176470588,0.088235294,0,0,0,0,0,0.058823529,0,0.205882353,0,0.088235294,0,0,0,0.352941176,0.058823529,0.176470588,0,0,0,0.441176471,0.294117647,0,0,0.147058824,0,0.147058824,0.029411765,0.441176471,0.235294118,0.058823529,0.176470588,1.911764706,0,0.382352941,0.088235294
A355,5.947058824,5.729411765,0.235294118,0.058823529,0.058823529,0.088235294,0.058823529,0.176470588,0.088235294,0.058823529,0.529411765,0.323529412,0.176470588,0.117647059,0,0.823529412,0.235294118,0.176470588,0.235294118,0,0,0.205882353,0.058823529,0,0.294117647,0.676470588,1.235294118,1.205882353,0.029411765,0,0,0,0,0,0,0.058823529,0,0.294117647,0.088235294,0,0,0.088235294,0,0.117647059,0,0.147058824,0.147058824,0.117647059,0,0.117647059,0.352941176,0.294117647,0.029411765
A430,4.888235294,5.264705882,0.176470588,0,0.029411765,0,0,0.058823529,0.235294118,0.058823529,1.117647059,0,0.147058824,0.5,0.176470588,1.176470588,0.176470588,0.117647059,0.058823529,0,0,0,0,0.147058824,0,0.382352941,0.147058824,0,0.441176471,0.882352941,0.5,0.117647059,0.294117647,0,0.058823529,0,0,0.147058824,0.029411765,0.117647059,0,0.323529412,0.088235294,0,0,0.058823529,0,0.058823529,0.058823529,0.029411765,0,0,0
A474,3.720588235,5.508823529,0.852941176,0.147058824,0.352941176,0.411764706,0.352941176,0.205882353,0,0,0.676470588,0,0.382352941,0,0.529411765,0.882352941,0.088235294,0,0.264705882,0,0,0,0,0,0.058823529,0.205882353,0.058823529,0.147058824,0.147058824,0.117647059,0,0,0.088235294,0,0,0.235294118,0,0.235294118,0,0,0,0.147058824,0.029411765,0,0.147058824,0.147058824,0.147058824,0,0,0,0.147058824,0,0
A571,6.823529412,6.594117647,0.058823529,0,0,0.029411765,0,0,0.058823529,0.147058824,2.058823529,0.205882353,2.382352941,0.441176471,0.382352941,2,0.294117647,0.058823529,0,0,0,0,0,0,0.058823529,0.117647059,0.058823529,0.147058824,0.294117647,0,0,0.029411765,0,0,0,0,0,0.117647059,0,0,0.058823529,0,0,0.147058824,0,0.441176471,0.264705882,0,0,0.235294118,0.029411765,0.058823529,0
A597,6.352941176,4.605882353,0.147058824,0,0.323529412,0,0.176470588,0.264705882,0,0,1.176470588,0.264705882,0.705882353,0.264705882,0.117647059,0.617647059,0,0,0,0,0.058823529,0.117647059,0.176470588,0,0.735294118,0.647058824,0,0,0,0.029411765,0.029411765,0.058823529,0.5,0,0,0.058823529,0.176470588,0.352941176,0.058823529,0,0,0.235294118,0.029411765,0.352941176,0,0.205882353,0.088235294,0,0.147058824,0.647058824,0.176470588,0.058823529,0
A949,4.708823529,6.088235294,0,0.029411765,0.058823529,0,0.058823529,0,0,0.058823529,1.735294118,0,0.970588235,0.882352941,0.441176471,1.764705882,0.235294118,0.264705882,0,0,0,0,0,0.088235294,0.088235294,0.029411765,0.264705882,0.147058824,0.294117647,0.147058824,0,0.088235294,0.205882353,0.088235294,0,0,0,0.117647059,0,0.117647059,0,0.235294118,0,0,0,0.029411765,0.117647059,0,0,0,0,0,0
A954,3.738235294,5.726470588,0.205882353,0,0,0,0,0.147058824,0.382352941,0.352941176,1.117647059,0,0.205882353,0.411764706,0.147058824,1.147058824,0.323529412,0.235294118,0.058823529,0,0,0,0,0.088235294,0,0.264705882,0,0.264705882,0.441176471,0.205882353,0.058823529,0.176470588,0.147058824,0.147058824,0.058823529,0,0,0.029411765,0,0,0,0.117647059,0.029411765,0,0,0,0.058823529,0.088235294,0,0.205882353,0,0,0
A956,4.332352941,5.891176471,0.117647059,0,0,0.029411765,0,0,0.117647059,0,1.588235294,0,0.588235294,0.794117647,0.205882353,1.735294118,0.235294118,0.441176471,0,0,0,0.058823529,0,0,0.058823529,0.441176471,0.235294118,0,0.852941176,0,0,0.176470588,0.441176471,0.029411765,0.029411765,0,0,0.117647059,0.088235294,0,0,0.147058824,0,0,0,0.176470588,0.058823529,0.117647059,0.147058824,0.029411765,0,0,0
B002,5.544117647,4.497058824,0.058823529,0,0,0,0.058823529,0,0,0.029411765,0.205882353,0.088235294,0.205882353,0.088235294,0,0.235294118,0,0.058823529,0.029411765,0,0.117647059,0.147058824,0.147058824,0.147058824,0.176470588,0.235294118,0,0,0,0.235294118,0.058823529,0.764705882,0.5,0.205882353,0.558823529,0,0.264705882,0.088235294,0.235294118,0.088235294,0.058823529,0,0,0.382352941,0.058823529,0.088235294,0.088235294,0.588235294,0,1.117647059,0,0.029411765,0
B028,6.294117647,4.735294118,0.235294118,0.029411765,0.323529412,0,0.088235294,0.058823529,0,0.147058824,0.647058824,0,0.029411765,0.323529412,0,0.441176471,0,0.058823529,0,0.088235294,0.029411765,0.617647059,1.058823529,0.117647059,1.352941176,0.911764706,0,0.558823529,0.294117647,0.235294118,0.088235294,0.205882353,0.176470588,0.323529412,0.117647059,0,0,0.352941176,0.117647059,0.088235294,0.088235294,0.5,0.088235294,0.147058824,0,0,0.029411765,0.264705882,0.058823529,0.441176471,0.117647059,0,0
B037,4.585294118,6.152941176,0.088235294,0.029411765,0,0.058823529,0,0.117647059,0.5,0.235294118,1.352941176,0.411764706,0.705882353,1.058823529,0.176470588,1.352941176,0.058823529,0.058823529,0,0,0,0.058823529,0.029411765,0.264705882,0.205882353,0.205882353,0,0.088235294,0.029411765,0.088235294,0.147058824,0.147058824,0,0.176470588,0.264705882,0,0,0.058823529,0,0.058823529,0,0,0,0,0,0,0,0.029411765,0.058823529,0.117647059,0,0,0
B080,6.808823529,5.370588235,1.911764706,1.029411765,0.088235294,0.205882353,0.147058824,0.529411765,0.588235294,0.294117647,0.205882353,0.882352941,0.058823529,0,0.088235294,0.323529412,0,0,0,0,0,0,0,0,0,0.264705882,0,0.147058824,0,0,0,0.176470588,0,0,0,0,0,0.735294118,0.470588235,0,0,0,0,0.5,0.029411765,0.176470588,0.117647059,0,0.529411765,0,0.235294118,1.147058824,0.176470588
B167,6.535294118,5.132352941,1.029411765,0.235294118,0.205882353,0.058823529,0,0.352941176,0.294117647,0.058823529,0,0.941176471,0.117647059,0.117647059,0,0.117647059,0,0,0,0,0,0,0,0,0,0.264705882,0,0.088235294,0,0,0,0.088235294,0,0,0,0.088235294,0,0.647058824,0.411764706,0.235294118,0,0,0.235294118,0.352941176,0,0.117647059,0.294117647,0.264705882,0.617647059,0.205882353,0.235294118,1.323529412,0.235294118
B202,6.958823529,4.438235294,0,0.088235294,0.117647059,0,0,0,0,0,0.029411765,0.117647059,0,0.088235294,0,0,0,0,0.088235294,0.117647059,0.147058824,0.352941176,0.058823529,0.5,0.352941176,0.411764706,0,0.058823529,0.294117647,0.205882353,0.852941176,0.588235294,0.735294118,0.735294118,3.617647059,0,0,0,0.176470588,0.294117647,0.029411765,0.676470588,0.029411765,0,0,0,0,0.323529412,0,0,0,0,0
B227,6.755882353,4.947058824,1.529411765,1.647058824,0.529411765,0.323529412,0.205882353,0.382352941,0.352941176,0.352941176,0.117647059,0.558823529,0,0,0,0.294117647,0,0,0,0,0,0.117647059,0,0.117647059,0.058823529,0.382352941,0,0.264705882,0,0,0,0.147058824,0,0,0,0.117647059,0,0.411764706,0.382352941,0,0,0,0,0.205882353,0,0.294117647,0.294117647,0.058823529,0.382352941,0,0.058823529,0.558823529,0.088235294
B406,5.682352941,5.479411765,1.470588235,0.676470588,0.117647059,0,0.382352941,0.235294118,0.117647059,0.382352941,0.352941176,0.882352941,0.058823529,0.147058824,0.176470588,0.058823529,0.088235294,0,0,0,0,0,0.205882353,0,0,0.323529412,0,0.058823529,0,0,0.058823529,0.058823529,0,0,0,0,0,0.558823529,0.5,0.088235294,0,0,0.088235294,0.058823529,0,0.147058824,0.323529412,0.029411765,0.382352941,0.058823529,0,0.588235294,0
B421,3.320588235,4.417647059,0.147058824,0,0,0,0,0,0.147058824,0.117647059,1,0,0.235294118,0.235294118,0,0.558823529,0,0,0,0.147058824,0.147058824,0,0.205882353,0.411764706,0.117647059,0.235294118,0,0.147058824,0.088235294,0.205882353,0.117647059,0,0,0.352941176,0.323529412,0,0.117647059,0.264705882,0,0,0.176470588,0.058823529,0.176470588,0,0.088235294,0,0.029411765,0.058823529,0,0.264705882,0.029411765,0,0
B521,7.064705882,6.591176471,0.147058824,0.058823529,0.294117647,0.5,0.088235294,0.088235294,0,0,0,0.058823529,0,0,0,0.117647059,0,0,0,0,0,0,0,0,0,0.088235294,0,0,0,0,0,0,0.058823529,0,0,0,0,0.117647059,0.058823529,0,0,0,0,0,0,3.294117647,2.588235294,0.176470588,0.029411765,0.205882353,0,0.117647059,0
B522,4.173529412,5.123529412,0.352941176,0.117647059,0,0,0,0,0.088235294,0.235294118,1.117647059,0.088235294,0.176470588,0.147058824,0.176470588,1.294117647,0.088235294,0,0,0,0,0,0.176470588,0.5,0.323529412,0.147058824,0,0.088235294,0.117647059,0.029411765,0.088235294,0,0.117647059,0.352941176,0.617647059,0,0.088235294,0.147058824,0,0,0,0.264705882,0.029411765,0,0,0,0.029411765,0.058823529,0,0.029411765,0,0,0
B538,5.355882353,5.714705882,0.117647059,0,0.382352941,0.411764706,0.352941176,0.382352941,0.176470588,0.029411765,0.176470588,0,0,0.147058824,0,0.529411765,0,0,0.088235294,0,0,0.058823529,0,0.088235294,0,0.176470588,0,0,0.088235294,0.058823529,0,0,0,0,0.117647059,0.088235294,0.117647059,0.176470588,0.088235294,0,0,0,0,0.176470588,0,2.588235294,2,0.117647059,0,0.176470588,0.088235294,0,0.058823529
B577,6.523529412,4.076470588,0.205882353,0,0.294117647,0,0.558823529,0.411764706,0.088235294,0.147058824,0.117647059,0,0.205882353,0.235294118,0,0.441176471,0,0,0.117647059,0.058823529,0.088235294,0,0,0.088235294,0.088235294,0.147058824,0.088235294,0,0,0,0,0,0.117647059,0,0,0.5,0.058823529,1.058823529,0.5,0.176470588,0.352941176,0.088235294,0.617647059,0.764705882,0.176470588,0.441176471,0.176470588,0.323529412,0.235294118,0.323529412,0.705882353,0.588235294,0.058823529
B593,6.038235294,4.841176471,0.205882353,0,0.264705882,0,0.205882353,0.294117647,0.382352941,0.441176471,0.323529412,0.529411765,0,0.647058824,0,0.970588235,0,0,0.029411765,0,0,0,0,0,0.088235294,0.058823529,0,0,0.205882353,0.058823529,0,1.058823529,0.705882353,0,0,0,0,0.264705882,0.411764706,0.088235294,0,0.323529412,0.117647059,0.352941176,0,0.823529412,0.382352941,0.5,0.176470588,0.235294118,0.470588235,0,0
B726,6.773529412,5.338235294,0.205882353,0.088235294,0.882352941,0.558823529,0.294117647,0.558823529,0.764705882,0.294117647,0.411764706,0,0.117647059,0.205882353,0.205882353,1.235294118,0,0.176470588,0.764705882,0,0,0.029411765,0,0.117647059,0,0.5,0.029411765,0,0,0,0.058823529,0.029411765,0,0.088235294,0,0.088235294,0,0.147058824,0,0.117647059,0.058823529,0,0.205882353,0.352941176,0,0.911764706,0.735294118,0.411764706,0.323529412,0.323529412,0.176470588,0,0
B798,3.917647059,5.194117647,0.588235294,0,0.294117647,0.117647059,0.058823529,0.029411765,0.117647059,0.058823529,0.823529412,0,0.176470588,0.235294118,0,0.823529412,0.205882353,0.117647059,0.382352941,0,0,0,0.058823529,0,0,0,0.029411765,0.029411765,0.058823529,0,0,0,0.058823529,0.058823529,0,0,0.088235294,0.205882353,0.117647059,0,0,0,0.352941176,0.176470588,0.088235294,0.411764706,0.088235294,0.029411765,0,0.029411765,0.058823529,0.294117647,0
B812,4.547058824,5.929411765,1.117647059,1.294117647,0.382352941,0.147058824,0,0.294117647,0.058823529,0.117647059,0.441176471,0.882352941,0.088235294,0.088235294,0.147058824,0.294117647,0,0,0,0,0,0.029411765,0.176470588,0,0.264705882,0.294117647,0,0.205882353,0,0,0,0.058823529,0.029411765,0.088235294,0,0,0,0.352941176,0.147058824,0,0,0,0.088235294,0.029411765,0,0,0.147058824,0.088235294,0.088235294,0.147058824,0,0.264705882,0
B941,4.702941176,5.426470588,0.235294118,0.088235294,0.117647059,0.058823529,0.176470588,0,0.147058824,0.352941176,0.970588235,0,0.058823529,0.441176471,0,0.764705882,0,0.088235294,0,0,0,0.441176471,0.441176471,0.294117647,0.970588235,0.823529412,0,0,0.264705882,0.176470588,0.029411765,0.029411765,0.117647059,0,0,0.088235294,0,0.117647059,0.029411765,0.058823529,0.323529412,0.117647059,0,0,0,0,0.058823529,0,0.117647059,0.058823529,0.088235294,0,0
B962,4.664705882,5.229411765,0.147058824,0,0.323529412,0.029411765,0.176470588,0,0.382352941,0.5,0.529411765,0,0.382352941,0.088235294,0,0.941176471,0.176470588,0.382352941,0.470588235,0,0,0.264705882,0.147058824,0.088235294,0.382352941,0.205882353,0,0.147058824,0.029411765,0,0,0,0,0,0,0.235294118,0,0.823529412,0.147058824,0,0.088235294,0.205882353,0.117647059,0,0.147058824,0.235294118,0.117647059,0,0,0.147058824,0.294117647,0.205882353,0
B984,4.797058824,5.529411765,0.911764706,0.323529412,0.411764706,0.088235294,0,0.058823529,0.558823529,0.235294118,0.029411765,0.705882353,0.029411765,0,0.176470588,0.470588235,0,0.088235294,0,0,0,0.088235294,0.088235294,0,0,0.264705882,0,0.029411765,0,0,0.088235294,0.058823529,0,0,0,0,0,0.058823529,0.088235294,0.117647059,0,0,0.088235294,0,0,0.029411765,0.323529412,0.088235294,0.676470588,0.117647059,0.147058824,1.352941176,0.147058824
C022,4.436666667,4.13,0.033333333,0,0,0.066666667,0,0.1,0.066666667,0,0,0,0,0,0,0,0,0,0,0,0,0,0.066666667,0.5,0.033333333,0.266666667,0.033333333,0,0.166666667,0.333333333,0.5,0.4,0.466666667,0.3,1.6,0.233333333,0,0.433333333,0.233333333,0.033333333,0.1,0.533333333,0,0.033333333,0,0,0.066666667,0.3,0.1,0.066666667,0.066666667,0.333333333,0
C053,6.116666667,5.88,1.166666667,0.8,0.166666667,0.1,0.533333333,0.333333333,0.733333333,0,0.766666667,0.666666667,0.533333333,0.166666667,0.133333333,0.966666667,0.033333333,0.1,0,0,0,0,0.133333333,0,0.033333333,0.3,0,0.333333333,0,0,0,0.066666667,0,0,0,0,0,0.233333333,0,0,0,0,0,0.4,0,0.1,0.4,0.1,0.266666667,0,0.066666667,0.633333333,0
C064,3.986666667,5.783333333,0.166666667,0.2,0,0.333333333,0,0,0.1,0,1.233333333,0.266666667,0.8,0.6,0.066666667,1.433333333,0.233333333,0.1,0,0,0,0,0.133333333,0,0.1,0.033333333,0,0,0.166666667,0,0.033333333,0.166666667,0.2,0.1,0.033333333,0,0,0.133333333,0,0,0,0.1,0.1,0,0,0.033333333,0.133333333,0.1,0.066666667,0.233333333,0,0.066666667,0.066666667
C220,6.596666667,5.96,0.766666667,0.566666667,0.166666667,0.033333333,0,0.133333333,0.566666667,0.1,1.266666667,0.733333333,0.966666667,0.933333333,0.5,2.3,0.1,0.333333333,0,0,0,0,0,0,0,0.066666667,0,0,0,0,0,0.1,0.033333333,0,0.1,0,0,0.1,0.266666667,0,0,0,0,0.133333333,0,0.1,0.4,0.333333333,0.133333333,0.266666667,0.133333333,0.133333333,0.066666667
C260,6.753333333,6.28,0.3,0,0.9,1.433333333,0.733333333,0.6,0.1,0,0,0,0,0,0,0.033333333,0,0,0,0,0,0,0,0,0,0,0,0,0,0,0,0,0,0,0,0.066666667,0,0.066666667,0.133333333,0,0,0,0,0,0,2.833333333,2.7,0.133333333,0.033333333,0.1,0,0.1,0
C379,6.586666667,5.72,0.2,0.266666667,0.1,0.133333333,0,0.066666667,0.5,0.1,1.366666667,0.9,1.366666667,0.633333333,0.366666667,1.666666667,0,0,0.133333333,0,0,0,0,0,0,0.3,0,0.666666667,0,0,0,0,0,0,0,0,0,0.3,0,0,0,0,0,0.666666667,0,0.066666667,0.066666667,0.166666667,0.166666667,0.233333333,0.6,0.333333333,0.066666667
C410,4.163333333,5.396666667,0.3,0.1,0.366666667,1.333333333,0.2,0.233333333,0.233333333,0,0.066666667,0,0.1,0,0,0.466666667,0,0,0,0,0.166666667,0,0,0,0,0,0,0,0,0,0,0,0,0.1,0,0.233333333,0,0.266666667,0,0,0,0,0,0,0,1.033333333,1.4,0.133333333,0.166666667,0.166666667,0.2,0.1,0
C549,5.446666667,5.173333333,0.333333333,0,0.466666667,0,0.1,0,0.166666667,0,0.3,0.166666667,0,0.233333333,0,0.6,0.633333333,0.4,0,0,0.033333333,0,0.1,0.066666667,0,0,0,0,0.5,0.366666667,0.233333333,0.333333333,0.733333333,0.066666667,0,0,0,0.233333333,0,0.1,0,0.133333333,0.033333333,0.433333333,0,0.366666667,0.033333333,0.3,0,1.033333333,0.166666667,0,0
C588,6.19,3.736666667,0.166666667,0,0.1,0,0,0,0,0.066666667,0,0,0,0,0,0.1,0,0,0,0.1,0.133333333,0.733333333,0.133333333,1.133333333,0.433333333,0.4,0,0,0.2,0,0.633333333,0.666666667,0.666666667,0.333333333,1.466666667,0,0.3,0,0.1,0.1,0.133333333,0.733333333,0.066666667,0.433333333,0.1,0.233333333,0,0,0.4,0.1,0.1,0.066666667,0
C599,5.116666667,5.873333333,0.6,0.1,0.133333333,0,0.166666667,0.166666667,0,0,1.2,0.633333333,0.3,0.266666667,0.633333333,1.4,0,0,0,0,0,0,0,0.1,0,0.233333333,0,0.366666667,0,0,0,0.066666667,0,0,0,0.166666667,0,0.3,0,0,0,0,0,0.1,0,0.1,0.233333333,0,0.2,0.133333333,0.133333333,0.366666667,0
C826,4.67,5.31,0.033333333,0,0,0,0,0,0.133333333,0,0.3,0,0.1,0.1,0.1,0.8,0.866666667,0.466666667,0,0,0,0,0,0,0,0,0,0.133333333,0.3,0.833333333,0.233333333,0.366666667,0.3,0.033333333,0.066666667,0,0,0.1,0,0.1,0,0,0.033333333,0.3,0,0.1,0.133333333,0.233333333,0.033333333,0.766666667,0.2,0.066666667,0.066666667
C970,5.006666667,4.113333333,0.1,0.133333333,0.1,0,0.1,0.033333333,0.133333333,0,0,0,0,0,0,0.3,0,0,0.133333333,0,0,0.166666667,0.166666667,0.233333333,0.1,0.233333333,0,0,0,0.3,0.4,0.5,0.333333333,0.166666667,1.1,0.2,0.266666667,0.366666667,0.066666667,0.1,0,0.366666667,0.133333333,0.3,0.033333333,0.1,0.066666667,0.066666667,0.333333333,0.366666667,0.1,0,0
C985,4.976666667,4.676666667,0,0,0,0,0,0,0,0.133333333,0,0,0,0.066666667,0,0,0,0,0,0,0,0.733333333,0.7,0.5,0.833333333,0.566666667,0,0,0.666666667,0.2,0.4,0.133333333,0.233333333,0.266666667,0.733333333,0.033333333,0.066666667,0.2,0.1,0.1,0.033333333,0.1,0,0.133333333,0.166666667,0.3,0,0.033333333,0,0,0,0.033333333,0
D005,5.513333333,3.966666667,0.066666667,0.1,0.1,0.033333333,0.166666667,0.166666667,0.133333333,0.233333333,0.066666667,0.066666667,0,0,0,0.066666667,0,0,0,0,0,0,0.1,0.133333333,0,0.866666667,0.266666667,1.733333333,0.066666667,0.166666667,0,0,0,0,0,0.2,0,1.066666667,0,0,0,0,0.733333333,0.133333333,0,0.133333333,0.266666667,0.1,0.1,0.066666667,1.033333333,0.233333333,0.066666667
D007,3.183333333,4.993333333,0.233333333,0,0,0,0.233333333,0,0.033333333,0,0.233333333,0,0.2,0,0,0.766666667,0.1,0.233333333,0.1,0,0.1,0.333333333,0.1,0.1,0.2,0.1,0,0,0.2,0.2,0.133333333,0.1,0.133333333,0.266666667,0.133333333,0,0.1,0.133333333,0,0.133333333,0.1,0.466666667,0,0.066666667,0,0,0,0,0.1,0,0.166666667,0.066666667,0
D014,5.826666667,4.016666667,0.366666667,0.033333333,0.266666667,0,0.133333333,0,0.133333333,0,0.266666667,0.533333333,0.133333333,0,0,0.466666667,0,0,0.033333333,0,0,0,0,0.066666667,0,0,0,0,0.033333333,0,0,0.2,0,0.066666667,0.066666667,0,0,0.1,0.433333333,0.133333333,0.266666667,0,0.1,0.6,0.133333333,0.133333333,0.566666667,0.366666667,0.066666667,1.933333333,0.2,0.2,0
D057,4.74,3.893333333,0.433333333,0,0,0,0.333333333,0,0,0.1,0.133333333,0,0,0,0,0.133333333,0,0,0,0,0,0.166666667,0.066666667,0,0.066666667,0.933333333,0.233333333,1,0,0,0,0.166666667,0,0.166666667,0,0.3,0.066666667,0.866666667,0.1,0,0,0.166666667,0.5,0.333333333,0.1,0.1,0,0,0.1,0.066666667,0.5,0.1,0
D129,3.806666667,5.086666667,0.166666667,0,0,0,0.066666667,0,0.033333333,0,0.233333333,0,0,0,0,0.266666667,0,0,0,0,0.033333333,0.333333333,1.1,0.066666667,0.833333333,0.133333333,0,0,0.566666667,0.9,0.5,0.2,0,0,0.1,0.2,0.133333333,0.266666667,0,0,0.233333333,0.166666667,0,0,0,0,0,0,0,0.1,0,0,0
D147,7.736666667,3.993333333,0.2,0,0.133333333,0,0,0,0,0,0,0,0,0,0,0.133333333,0,0,0,0,0,0,0,0.166666667,0,0,0,0,0.033333333,0.1,0.3,0.366666667,0.366666667,0.8,4.066666667,0,0.133333333,0.166666667,0.3,0.4,0,0.233333333,0,0,0.266666667,0,0,0.733333333,0.066666667,0,0,0,0
D197,7.153333333,5.213333333,0.566666667,0.166666667,0.5,0.4,0.1,0.533333333,0.9,0.233333333,1.366666667,0.566666667,1.066666667,0.266666667,0.4,1.233333333,0,0,0,0,0,0,0,0.133333333,0,0,0,0.1,0,0,0,0.2,0.166666667,0.333333333,0,0.3,0,0.1,0.233333333,0.6,0.233333333,0.266666667,0,0.033333333,0,0,0.2,0.066666667,0.133333333,0.4,0,0.066666667,0
D261,4.066666667,3.79,0.1,0,0,0,0,0.066666667,0.066666667,0,0,0,0.1,0,0,0.3,0,0,0,0,0,0.1,0,0.133333333,0,0.2,0,0,0.1,0.166666667,0.8,1.566666667,1.3,0.366666667,0.166666667,0,0.1,0.166666667,0.266666667,0,0.066666667,0.033333333,0,0.066666667,0,0,0,0.4,0,0.233333333,0,0,0
D301,5.866666667,3.903333333,0.3,0,0,0.1,0.233333333,0,0,0.066666667,0.2,0.133333333,0.066666667,0,0,0,0,0,0.033333333,0.1,0.533333333,0.633333333,0.566666667,0.366666667,0.466666667,0.066666667,0,0,0.1,0,0.1,0.066666667,0.3,0.066666667,0.6,0.133333333,0.433333333,0.366666667,0.1,0.2,0.333333333,0.9,0.3,0.2,0,0,0.166666667,0.1,0.066666667,0.166666667,0.2,0.1,0
D500,7.63,2.963333333,0,0.1,0.1,0.066666667,0,0,0.066666667,0,0,0,0,0,0,0.066666667,0,0,0,0,0,0,0.1,0,0.066666667,0,0,0,0.166666667,0,0.766666667,2.233333333,1.766666667,0.433333333,0.233333333,0,0,0.3,0.9,0,0.066666667,0.4,0,0.133333333,0,0,0,2.033333333,0,0.333333333,0,0,0
D503,3.9,4.426666667,0.166666667,0,0,0,0,0,0,0,0,0,0.066666667,0,0,0.166666667,0,0,0,0,0.033333333,0.333333333,0.533333333,0.3,0.6,0.2,0,0,0.4,0.533333333,0.566666667,0.3,0.266666667,0.366666667,1.133333333,0.066666667,0.166666667,0.133333333,0.133333333,0.133333333,0,0.466666667,0,0,0.133333333,0,0,0,0,0,0,0,0
D604,5.576666667,3.54,0.133333333,0,0,0,0.1,0,0,0,0.3,0.166666667,0,0,0,0.166666667,0,0,0,0,0.2,0.133333333,0.3,0.2,0.3,0.2,0,0,0,0,0,0.4,0.266666667,0.433333333,0.733333333,0.233333333,0.2,0.733333333,0.6,0.8,0.166666667,0.8,0.433333333,0.133333333,0.333333333,0.066666667,0,0,0,0.166666667,0.266666667,0,0.133333333
D616,3.476666667,4.876666667,0.4,0.1,0.1,0,0,0,0,0,0.266666667,0,0.266666667,0.066666667,0.066666667,0.266666667,0,0.033333333,0,0.066666667,0,0.133333333,0.4,0.1,0.466666667,0,0,0.133333333,0.666666667,0.3,0.133333333,0.3,0.3,0,0.1,0.2,0,0.2,0.133333333,0,0,0.7,0.1,0.066666667,0,0,0,0,0,0.1,0.1,0.133333333,0
D737,6.873333333,2.39,0.233333333,0.1,0.033333333,0,0,0,0,0,0.3,0,0.1,0,0,0.3,0,0,0.133333333,0.066666667,0.2,0,0.066666667,0.233333333,0,0.266666667,0,0.233333333,0,0.233333333,0.366666667,0,0.066666667,0.233333333,0.866666667,0,0.533333333,0.266666667,0.6,0,0.133333333,0.466666667,0.866666667,0.433333333,0.1,0.033333333,0.1,1.2,0.533333333,0.6,0.233333333,0.233333333,0
D788,4.963333333,4.35,0.133333333,0,0,0,0.033333333,0,0,0,0,0,0,0,0,0,0,0.066666667,0.1,0.1,0.4,0.933333333,0.2,0.733333333,0.166666667,0.2,0,0.066666667,0,0.166666667,0.033333333,0.166666667,0.2,0.666666667,1.466666667,0.066666667,0.266666667,0.166666667,0.333333333,0.066666667,0,0.166666667,0.4,0,0.266666667,0.033333333,0.066666667,0,0,0.133333333,0.166666667,0,0
D836,6.963333333,4.26,0.2,0,0.133333333,0,0,0,0,0,0,0,0,0,0,0,0,0,0.133333333,0.2,0.466666667,0.7,0.1,0.266666667,0,0.166666667,0,0,0,0.166666667,0.533333333,0.433333333,0.366666667,0.466666667,2.5,0.066666667,0.366666667,0.433333333,0.1,0.4,0.1,0.166666667,0.366666667,0.366666667,0.5,0,0,0.266666667,0.2,0.033333333,0,0,0.1
D937,7.513333333,2.326666667,0.166666667,0,0.066666667,0,0,0,0,0,0.1,0,0,0,0,0.066666667,0,0,0,0,0.1,0,0,0.166666667,0.133333333,0.5,0,0.266666667,0,0.233333333,0.066666667,0.7,0.133333333,0.7,0.533333333,0,0.133333333,0.566666667,1.166666667,1.9,0.1,0.333333333,0.333333333,0,0.5,0.1,0.066666667,0.6,0.066666667,0.433333333,0.1,0,0
D975,5.35,4.35,0.033333333,0,0.2,0,0.033333333,0,1.066666667,0.3,0.5,0.3,0.166666667,0,0,0.733333333,0,0,0.033333333,0,0,0,0,0,0,0.333333333,0,0.5,0,0,0.133333333,0.166666667,0.2,0,0.133333333,0.366666667,0.066666667,0.733333333,0.166666667,0.266666667,0.333333333,0.266666667,0.3,0.133333333,0.266666667,0,0.033333333,0,0,0.066666667,0.533333333,0,0.066666667
D978,6.253333333,3.61,0.066666667,0.1,0.1,0,0,0,0,0,0,0,0,0,0,0,0,0,0,0.033333333,0,0,0,0.466666667,0,0.4,0,0,0,0.133333333,0.333333333,0.166666667,0.3,0.833333333,2.766666667,0,0.1,0.166666667,0.233333333,0,0.2,1.1,0.066666667,0.133333333,0.133333333,0,0.066666667,0.2,0.1,0.1,0,0,0.066666667
G038,2.971875,5.278125,0.15625,0.09375,0.125,0,0.1875,0,0,0,0.125,0,0.0625,0,0,0.28125,0.125,0,0,0.15625,0.25,0.34375,0.78125,0,0.5,0.0625,0,0.03125,0.03125,0.21875,0.09375,0.03125,0,0.03125,0,0.5625,0.0625,0.5625,0.09375,0,0,0,0.0625,0,0,0.125,0,0.21875,0.0625,0.0625,0.03125,0.09375,0
G053,2.99375,4.61875,0.0625,0.25,0,0,0.09375,0,0,0,0.125,0.0625,0,0,0,0.4375,0,0,0,0,0,0.09375,0.1875,0.0625,0.25,0.125,0,0,0,0,0.125,0.09375,0,0.28125,0,0.46875,0.40625,0.96875,0.3125,0.25,0,0.15625,0,0,0.125,0,0,0.125,0.1875,0.09375,0,0.15625,0
G055,3.203125,6.5,0.03125,0.03125,0,0,0.03125,0,0.125,0.15625,0.9375,0,0.28125,0.53125,0,2.09375,0.9375,0.1875,0.0625,0,0.125,0,0.03125,0,0.125,0,0,0,0.09375,0.34375,0,0,0,0,0,0,0,0,0,0,0,0,0,0,0,0,0,0,0,0,0,0,0
G238,2.828125,4.35,0.375,0.1875,0.09375,0,0.125,0.0625,0,0,0.125,0.0625,0,0,0,0.25,0,0,0.0625,0.09375,0.1875,0.40625,0.21875,0.1875,0.125,0,0,0,0.09375,0.03125,0.125,0.3125,0.625,0.4375,0.8125,0.21875,0.0625,0.375,0,0,0.125,0.4375,0,0,0,0,0,0.1875,0,0.0625,0,0,0
G288,5.365625,5.0625,0,0.3125,0.15625,0.125,0.125,0,0.21875,0,1.0625,0.28125,0.78125,0.78125,0.0625,0.75,0.0625,0,0.0625,0,0,0.15625,0.125,0,0,0,0,0,0,0.21875,0,0.375,0.21875,0,0,0.09375,0,0.375,0.21875,0,0.15625,0.34375,0.125,0,0,0.0625,0.125,0,0.15625,0.1875,0,0.15625,0
G289,3.421875,5.5625,0.3125,0.3125,0.03125,0,0.09375,0,0,0,0.3125,0,0,0.125,0,0.6875,0.28125,0.1875,0.09375,0.15625,0.03125,0.25,1.34375,0.09375,0.46875,0,0,0,0.0625,0.1875,0,0,0,0.125,0,0.34375,0,0.5,0.09375,0,0,0.03125,0.09375,0,0,0,0,0.03125,0,0.125,0.09375,0,0
G305,6.371875,6.85625,0,0,0,0,0,0,0,0,0.03125,0.09375,0,0.1875,0,2.15625,3.28125,0.375,0.5625,0.15625,1.0625,0.21875,0,0.09375,0.09375,0,0,0,0,0.21875,0,0.15625,0.0625,0,0.0625,0,0,0.03125,0,0,0,0.0625,0,0,0,0,0,0,0,0,0,0,0
G332,3.028125,4.846875,0.53125,0.5,0,0,0.15625,0,0.09375,0,0.0625,0,0.03125,0.0625,0,0.21875,0.03125,0,0,0,0.0625,0.0625,0,0.09375,0,0.09375,0.0625,0.1875,0.0625,0.09375,0,0,0,0.125,0,0.0625,0.09375,0.9375,0.21875,0,0,0,0.125,0.03125,0.125,0,0.09375,0.15625,0.15625,0.125,0.25,0.15625,0.09375
G375,2.265625,5.153125,0.875,0.71875,0,0,0.09375,0,0.03125,0,0.09375,0.15625,0,0.03125,0,0.3125,0,0,0,0,0,0,0.09375,0.125,0.09375,0,0,0.03125,0.09375,0,0.09375,0.25,0.1875,0,0,0.125,0.125,0.4375,0.03125,0,0,0,0,0,0,0,0,0.09375,0.09375,0.03125,0.34375,0,0
G443,6.965625,4.0375,0,0,0.0625,0.125,0.3125,0.0625,0.21875,0,0.3125,0,0,0.28125,0,1.0625,0,0,0.21875,0.28125,0.46875,0.21875,0,0.0625,0,0.125,0.21875,0.1875,0,0,0,0.40625,0.21875,0.125,0,0.03125,0,0.4375,0.15625,0,0,0.21875,0.25,0.875,0.03125,0.53125,0,0.90625,0.125,0.90625,0.28125,0.15625,0
G503,3.225,4.796875,0.53125,0.25,0.125,0,0.1875,0,0,0,0.03125,0,0,0,0,0.25,0,0,0,0,0,0.125,0.96875,0.0625,0.0625,0,0,0,0,0.125,0,0.15625,0.15625,0.09375,0,0.125,0.09375,0.5625,0.0625,0.125,0,0.21875,0,0,0.1875,0,0,0.15625,0.03125,0.125,0,0,0
G530,4.18125,5.840625,1.03125,0,0.125,0.09375,0.15625,0,0.34375,0.28125,0.65625,0.5,0.125,0.4375,0.125,0.625,0,0,0,0,0,0,0,0,0.03125,0,0.09375,0.25,0,0.125,0,0.0625,0.15625,0,0,0,0,0.34375,0.03125,0,0,0,0,0.03125,0,0.125,0.25,0,0.125,0.125,0.40625,0.3125,0
G585,4.859375,5.025,0.15625,0.34375,0.21875,0,0,0.0625,0.21875,0,0.625,0.15625,0.21875,0.5625,0.09375,0.75,0,0,0.0625,0.3125,0.125,0.09375,0.1875,0.03125,0,0,0.1875,0.1875,0,0.0625,0.15625,0.5,0.53125,0.25,0.03125,0,0,0.40625,0,0.03125,0.0625,0.21875,0,0,0.0625,0.09375,0,0.5625,0,0.4375,0,0.03125,0
G619,6.071875,4.715625,0.1875,0,0.09375,0,0.15625,0,0.125,0,0.21875,0,0,0,0,0.3125,0.03125,0,0.125,0,0.125,0.9375,1.3125,0,1.09375,0.03125,0,0,0.0625,0,0.09375,0.0625,0,0.125,0.09375,0.15625,0.125,1.03125,0.3125,0,0.0625,0,0.09375,0.15625,0.0625,0.15625,0.15625,0.15625,0.0625,0.46875,0,0,0
G728,3.6625,6.36875,0.15625,0,0.0625,0.09375,0.125,0,0.1875,0.125,0.125,0,0.09375,0.1875,0,0.9375,0.34375,0.1875,0,0,0,0,0.5,0,0.3125,0.0625,1.5625,0.1875,0.0625,0.09375,0,0.0625,0.0625,0,0,0.125,0,0.15625,0.03125,0,0,0,0.03125,0,0,0,0,0.03125,0,0,0,0,0
G789,4.834375,4.16875,0.21875,0.125,0.4375,0.0625,0.3125,0,0.3125,0.15625,0.0625,0,0,0.0625,0,0.21875,0,0,0,0.09375,0,0,0,0,0.125,0.46875,0.03125,0.375,0,0.0625,0.34375,0.0625,0.28125,0.0625,0,0.125,0,0.8125,0.1875,0,0.125,0.03125,0.15625,0.28125,0.1875,0.1875,0.15625,0.21875,0.15625,0.25,0.3125,0.28125,0
G798,3.25,5.028125,0.5,0.15625,0.25,0,0.375,0.0625,0.03125,0,0.125,0.25,0.1875,0.40625,0.125,0.9375,0,0,0.0625,0,0,0.125,0.1875,0,0.0625,0.0625,0,0,0,0,0,0.09375,0,0.125,0.1875,0.0625,0,0.3125,0,0,0.125,0.03125,0,0,0.03125,0,0,0,0.4375,0.03125,0.03125,0,0.3125
G823,2.45,5.140625,0.34375,0.84375,0.15625,0,0.28125,0.0625,0,0,0,0,0,0,0,0.25,0,0,0.0625,0,0.0625,0.09375,0.28125,0,0.09375,0.09375,0,0,0,0,0,0.0625,0.0625,0.125,0.15625,0.375,0,0.46875,0,0,0,0,0,0,0,0,0.0625,0.09375,0.15625,0,0,0,0
G852,7.053125,3.08125,0.21875,0,0.03125,0,0.03125,0,0,0,0,0,0,0,0,0,0,0,0,0.15625,0.09375,0.71875,0.125,0.4375,0.125,0.3125,0,0,0.21875,0,0.21875,0.375,0.4375,1.1875,1.46875,0.21875,0.09375,0,0.125,0.125,0.59375,1.96875,0,0,0.09375,0,0,0.03125,0,0,0,0,0
G874,5.55,4.09375,0.09375,0,0.3125,0.1875,0.3125,0.125,0.03125,0.0625,0,0,0,0,0,0,0,0,0.0625,0,0.09375,0.4375,0.5,0,0.59375,0.09375,0,0.09375,0,0.21875,0,0,0,0.125,0,0.5625,0,1.03125,0.1875,0.09375,0,0.03125,0.21875,0.34375,0.0625,0.59375,0.3125,0,0.15625,0.84375,0,0.3125,0
G878,6.2,4.278125,0.40625,0,0.125,0.09375,0.25,0.125,0,0,0,0,0,0,0,0,0,0,0.125,0.03125,0.03125,0.4375,0.84375,0,0.1875,0.1875,0,0.09375,0,0.1875,0.03125,0,0,0.21875,0.0625,0.625,0,1.6875,0.375,0.0625,0,0,0.9375,0.21875,0.125,0.25,0.125,0.0625,0.25,0.28125,0.65625,0.15625,0
H001,4.463333333,5.99,0,0,1,0.466666667,0.533333333,0.266666667,0.166666667,0.366666667,0.8,0,0.266666667,0.266666667,0,1.5,0,0.066666667,1.1,0,0,0,0,0,0,0.1,0,0.066666667,0,0,0,0,0,0,0,0.1,0,0.266666667,0,0,0,0,0.1,0.133333333,0,0.133333333,0.4,0.133333333,0.033333333,0,0,0,0.066666667
H006,3.93,4.033333333,0.166666667,0,0.1,0,0.2,0.2,0,0.066666667,0,0,0,0,0,0.066666667,0,0,0,0.066666667,0.233333333,0.166666667,0,0.133333333,0,0.1,0.1,0.1,0,0,0,0,0.2,0,0.233333333,0.2,0.1,0.5,0,0.133333333,0.266666667,0.133333333,1.066666667,0.166666667,0.1,0.266666667,0,0.1,0.166666667,0,0.666666667,0.2,0
H020,3.893333333,3.96,0.033333333,0,0.033333333,0,0.033333333,0,0,0,0,0,0.133333333,0,0,0.2,0,0,0.1,0.2,0,0,0,0,0,0,0,0,0.366666667,0.1,1.3,0.433333333,0.7,0.133333333,0.266666667,0,0,0.466666667,0.133333333,0.133333333,0.366666667,0.5,0.266666667,0.133333333,0.233333333,0,0.066666667,0,0,0.066666667,0,0.133333333,0
H105,6.386666667,3.133333333,0,0,0,0.133333333,0,0,0.1,0,0.4,0.266666667,0.366666667,0.266666667,0.133333333,0.666666667,0,0,0,0,0,0,0,0.066666667,0,0,0,0,0.7,0.066666667,2.066666667,0.933333333,0.733333333,0.333333333,0,0,0,0.066666667,0.133333333,0.233333333,0.6,0.566666667,0,0,0.2,0.133333333,0,0.433333333,0,0,0,0,0.1
H130,4.286666667,4.063333333,0.2,0,0.2,0,0.166666667,0,0,0,0,0,0.133333333,0,0,0.1,0,0,0,0.233333333,0.333333333,0.133333333,0,0.166666667,0.033333333,0.066666667,0,0,0,0,0.066666667,0.166666667,0.2,0.133333333,0.866666667,0.166666667,0.066666667,0.166666667,0.033333333,0,0,0.133333333,0.433333333,0.166666667,0,0.1,0.1,0.1,0.166666667,0,0.433333333,0,0.7
H151,6.33,4.03,0.066666667,0,0.133333333,0.533333333,0.233333333,0,0.133333333,0.066666667,0.1,0.033333333,0.066666667,0,0,0.566666667,0.033333333,0,0.1,0,0.066666667,0.066666667,0,0,0,0,0,0,0,0,0,0,0.1,0,0,0.1,0,0.833333333,0.166666667,0,0.133333333,0.1,0.566666667,0.566666667,0.333333333,0.866666667,0.8,0.166666667,0.833333333,0.766666667,0.366666667,0.2,0
H201,4.196666667,4.746666667,0.066666667,0,0.433333333,0,0.4,0.033333333,0.133333333,0,0.066666667,0,0,0,0,0.966666667,0.2,0,0.133333333,0.566666667,0.4,0.233333333,0.1,0.133333333,0,0,0,0.2,0,0,0,0,0,0.033333333,0.133333333,0.3,0.066666667,0.2,0,0,0,0.033333333,0.5,0.366666667,0.333333333,0.433333333,0.033333333,0.066666667,0.366666667,0.066666667,0.4,0.133333333,0
H249,5.866666667,4.453333333,0,0.066666667,0,0.033333333,0,0,0,0,0,0,0,0,0,0,0,0,0.033333333,0,0.033333333,0.733333333,0.333333333,0.633333333,0.1,0.1,0,0,0.366666667,0.2,0.833333333,0.133333333,0.4,0.833333333,2.433333333,0.066666667,0.3,0.1,0.233333333,0.3,0.1,0.2,0,0,0,0,0,0.133333333,0,0,0,0,0.3
H264,4.906666667,4.166666667,0.333333333,0,0.433333333,0.4,0.666666667,0.3,0.333333333,0.333333333,0.033333333,0,0.133333333,0,0,0.366666667,0.066666667,0,0.2,0.1,0.3,0.066666667,0,0,0,0,0,0,0,0,0,0,0,0.133333333,0.066666667,0.3,0,0.833333333,0.2,0,0,0,0.466666667,0.266666667,0,0.3,0.1,0.066666667,0.966666667,0.1,0.333333333,0.466666667,0
H271,5.026666667,5.45,1.533333333,0.3,0.766666667,0.133333333,0.4,0.3,0.433333333,0.166666667,0.366666667,0.133333333,0.2,0.133333333,0,0.633333333,0,0,0.266666667,0,0,0,0.2,0,0,0.133333333,0,0.1,0,0,0,0,0,0.1,0,0,0,0.766666667,0.033333333,0,0,0.166666667,0,0,0,0.066666667,0.233333333,0.033333333,0.1,0.133333333,0.033333333,0.166666667,0.1
H302,6.28,3.983333333,0.3,0.2,0.166666667,0,0,0.2,0.066666667,0,0.033333333,0.166666667,0.166666667,0,0,0.233333333,0.066666667,0,0.2,0.066666667,0,0.166666667,0,0,0,0,0,0.066666667,0,0.166666667,0,0.266666667,0.566666667,0.1,1.433333333,0.133333333,0,0.266666667,0.566666667,0,0,0.366666667,0.333333333,0.166666667,0.1,0.366666667,0.266666667,0.2,0.2,0.7,0.333333333,0.4,0.166666667
H308,6.576666667,2.696666667,0,0,0,0,0.133333333,0,0.066666667,0,0.166666667,0,0,0.166666667,0,0.533333333,0.166666667,0,0,0.066666667,0,0.033333333,0,0,0,0.1,0,0,0.233333333,0.233333333,1.666666667,1.166666667,0.866666667,0.233333333,0.433333333,0,0,0.366666667,0.033333333,0.166666667,0.6,0.5,0,0.2,0.3,0,0.066666667,0.866666667,0,0,0,0,0
H324,3.64,4.066666667,0.033333333,0,0.066666667,0,0.366666667,0.366666667,0,0,0,0,0,0,0,0,0,0,0,0.333333333,0.333333333,0.366666667,0.1,0.266666667,0,0.066666667,0,0,0,0,0.233333333,0.6,0.2,0.066666667,0.833333333,0.2,0,0.566666667,0.166666667,0,0,0.066666667,0.8,0,0,0,0,0.2,0,0,0.266666667,0.133333333,0
H339,3.67,4.116666667,0.366666667,0.266666667,0,0,0.033333333,0,0,0.1,0,0,0,0,0,0.1,0,0,0,0.066666667,0.3,0.166666667,0,0.5,0,0,0,0,0.066666667,0,0.1,0.2,0.566666667,0.3,1.2,0,0.333333333,0.466666667,0,0,0.166666667,0.066666667,0.233333333,0,0.033333333,0.133333333,0,0.066666667,0,0,0.233333333,0.066666667,0.1
H431,2.703333333,4.44,0.466666667,0.6,0,0,0.133333333,0.233333333,0,0,0,0,0.066666667,0,0,0.066666667,0,0,0.066666667,0.2,0.033333333,0.133333333,0.066666667,0.033333333,0,0,0,0,0,0.1,0,0,0.233333333,0.233333333,0.5,0.033333333,0,0.233333333,0.233333333,0.066666667,0,0.3,0.466666667,0.066666667,0.066666667,0,0,0.066666667,0.033333333,0,0.333333333,0.166666667,0.1
H511,4.14,3.933333333,0.3,0.066666667,0.1,0.1,0.166666667,0.233333333,0,0.166666667,0.1,0,0,0,0,0.366666667,0.1,0,0.066666667,0.333333333,0.166666667,0.066666667,0.033333333,0.066666667,0,0.033333333,0,0,0,0,0.166666667,0.033333333,0.166666667,0,0.366666667,0.166666667,0,0.766666667,0.266666667,0.166666667,0,0.266666667,0.433333333,0.333333333,0,0.3,0.066666667,0.233333333,0.066666667,0.133333333,0.2,0.133333333,0.066666667
H516,5.686666667,5.243333333,0,0,0.266666667,0.633333333,0.433333333,0.166666667,0.3,0.8,0,0.133333333,0.1,0.1,0,0.566666667,0,0.066666667,0.533333333,0,0.066666667,0.1,0.166666667,0,0.066666667,0,0,0,0,0,0,0,0,0,0,0.066666667,0,0.9,0,0,0,0.1,0.133333333,0,0,0.933333333,0.366666667,0,0.3,0.1,0.133333333,0.3,0.2
H525,7.07,3.136666667,0.333333333,0,0,0.033333333,0,0,0,0,0.133333333,0.1,0.233333333,0,0,0,0,0,0,0,0.266666667,0.433333333,0.1,0,0,0,0,0,0,0.066666667,0.2,0.1,0.733333333,0.733333333,1.533333333,0,0.1,0.233333333,0.5,0.433333333,0.166666667,1.6,0.1,0.366666667,0.233333333,0,0.033333333,0.133333333,0.3,0.133333333,0.333333333,0.1,0
H539,6.213333333,4.11,0.1,0,0.233333333,0,0.1,0,0,0.1,0,0,0,0,0.1,0.5,0.066666667,0,0.633333333,1.233333333,0.566666667,0.266666667,0.133333333,0,0.066666667,0,0,0.266666667,0,0.066666667,0,0,0,0.133333333,0,0.066666667,0,0.733333333,0,0,0,0,0.533333333,1.133333333,0.166666667,0.733333333,0.066666667,0,0.233333333,0.1,0.366666667,0.2,0
H570,7.056666667,3.78,0.266666667,0,0.133333333,0.066666667,0.1,0,0,0,0,0,0,0,0,0.5,0,0,0.166666667,0.366666667,0.466666667,0.3,0.466666667,0.566666667,0,0.2,0,0.166666667,0.233333333,0,0,0.3,0.466666667,0.733333333,1.566666667,0.233333333,0.166666667,0.6,0.266666667,0.233333333,0.266666667,0.966666667,0,0,0.266666667,0,0.033333333,0,0.1,0,0,0.1,0.133333333
H599,4.16,4.166666667,0.333333333,0,0.2,0.1,0.066666667,0.066666667,0,0,0,0.066666667,0.1,0,0,0,0.1,0,0,0.2,0.166666667,0.133333333,0.2,0,0.166666667,0.1,0.1,0,0,0,0.066666667,0.1,0.2,0.3,0.2,0.266666667,0.2,0.433333333,0.266666667,0.066666667,0,0.2,0.333333333,0,0,0.133333333,0.166666667,0.233333333,0.5,0.466666667,0.433333333,0,0.3
H672,6.043333333,5.14,1.766666667,0.766666667,0.533333333,0.066666667,0.2,0.133333333,0.366666667,0.066666667,0,0.466666667,0.066666667,0,0,0.3,0,0,0.066666667,0,0.066666667,0,0,0,0,0.266666667,0,0,0,0.133333333,0,0.066666667,0,0,0.066666667,0.4,0,0.966666667,0.166666667,0,0,0,0.266666667,0,0,0.166666667,0.2,0.066666667,0.233333333,0,0,0.466666667,0
H720,5.16,3.356666667,0,0,0,0,0.2,0.1,0,0.066666667,0.133333333,0.066666667,0,0,0,0.133333333,0,0,0.1,0.3,0.266666667,0.066666667,0.1,0.066666667,0,0.133333333,0,0.433333333,0,0,0,0,0.166666667,0,0.366666667,0.4,0.066666667,0.4,0.2,0,0.266666667,0.3,0.833333333,0.8,0.666666667,0.333333333,0,0.066666667,0.366666667,0.1,0.133333333,0.3,0
H754,4.46,4.143333333,0.066666667,0,0,0.033333333,0,0,0,0,0.2,0,0,0,0,0.233333333,0,0,0.1,0.1,0.4,0.133333333,0.233333333,0.1,0,0.066666667,0,0,0,0,0.2,0.133333333,0.433333333,0.433333333,0.833333333,0,0,0.333333333,0.3,0,0,0.166666667,0.633333333,0.133333333,0.066666667,0.266666667,0,0.166666667,0.133333333,0,0.333333333,0.3,0
H777,4.2,3.233333333,0,0,0.1,0,0.066666667,0,0,0,0.033333333,0,0,0,0,0.1,0,0,0.066666667,0,0.233333333,0.166666667,0,0.1,0,0,0,0,0.133333333,0.133333333,0.266666667,0.5,0.366666667,0.533333333,0.533333333,0.066666667,0.066666667,0.733333333,0.166666667,0.4,0.2,0.6,0.466666667,0.166666667,0.2,0.133333333,0,0.166666667,0.033333333,0,0.2,0.133333333,0
H798,6.226666667,6.5,0.166666667,0,1.333333333,0.333333333,0.466666667,0.5,0.133333333,0.233333333,0.566666667,0.4,0.2,0.366666667,0,2.1,0.3,0.133333333,1.233333333,0,0,0,0,0,0,0,0,0,0,0,0,0,0,0,0,0.2,0,0.266666667,0.1,0,0,0,0.166666667,0,0,0.466666667,0.133333333,0,0,0.233333333,0.166666667,0,0
H803,4.786666667,4.26,0.233333333,0,0.133333333,0,0,0,0,0,0.066666667,0,0,0,0,0,0.066666667,0,0.166666667,0.133333333,1.033333333,0.666666667,0.433333333,0.1,0.133333333,0,0,0,0,0.066666667,0.166666667,0.1,0.3,0.133333333,1.166666667,0,0,0.133333333,0.033333333,0,0.166666667,0.133333333,0.566666667,0,0.133333333,0,0,0,0,0,0.166666667,0.166666667,0.133333333
H840,6.283333333,6.29,0.333333333,0,0.7,0.433333333,0.1,0.266666667,0.633333333,0,1.566666667,0.533333333,1.166666667,0.333333333,0.1,1.4,0.1,0.133333333,0.3,0,0,0,0,0,0,0,0,0.033333333,0,0,0,0.133333333,0.066666667,0,0,0,0,0.166666667,0.133333333,0,0.066666667,0,0,0,0,0.533333333,0.333333333,0.033333333,0.166666667,0,0,0.1,0.266666667
H847,4.25,4.326666667,0.1,0,0.1,0.033333333,0.133333333,0,0,0,0,0,0,0,0,0,0,0,0,0,0.266666667,0.166666667,0.1,0.033333333,0.066666667,0.033333333,0,0,0.1,0.233333333,0.466666667,0.4,0.9,0.6,1.333333333,0.133333333,0.133333333,0,0,0,0,0.833333333,0.266666667,0,0.033333333,0.133333333,0,0.1,0,0.033333333,0.166666667,0.266666667,0
H851,3.926666667,4.066666667,0.166666667,0,0,0.2,0.266666667,0.2,0,0,0,0.066666667,0,0,0,0.166666667,0,0,0,0.233333333,0.033333333,0.2,0.133333333,0,0,0,0,0,0,0.033333333,0.066666667,0.1,0.333333333,0.3,0.1,0.166666667,0.066666667,0.366666667,0.166666667,0.233333333,0.033333333,0.3,1,0.2,0.066666667,0.1,0.166666667,0.133333333,0.1,0.2,0.7,0,0
H872,6.17,5.33,1.033333333,0.366666667,0.533333333,0.333333333,0.466666667,0.533333333,0.533333333,0.3,0.333333333,0.366666667,0.066666667,0.233333333,0,0.733333333,0.1,0,0.033333333,0,0,0,0.1,0,0,0,0,0,0,0,0.133333333,0.1,0.133333333,0,0,0.433333333,0,0.7,0.3,0,0,0.1,0,0,0,0.3,0.5,0.5,0.266666667,0.533333333,0.233333333,0,0
H876,5.486666667,5.173333333,0.333333333,0.033333333,0.466666667,0,0.366666667,0.166666667,0.6,0.066666667,0.6,0.433333333,0.4,0,0.066666667,0.533333333,0.066666667,0.4,0.133333333,0.2,0.066666667,0.1,0.033333333,0.1,0,0,0,0,0.133333333,0,0,0.1,0.1,0,0.2,0,0.1,0.466666667,0.2,0,0,0.1,0.8,0.1,0.233333333,0.166666667,0.666666667,0.2,0.233333333,0.333333333,0.233333333,0.2,0
H903,4.916666667,4.763333333,0.233333333,0,0.066666667,0,0.1,0.4,0.2,0,0.7,0,0.166666667,0.3,0,1.166666667,0.1,0.066666667,0.066666667,0,0,0,0,0,0,0.166666667,0,0,0.133333333,0.166666667,0,0.3,0.066666667,0,0,0,0.066666667,0.2,0.333333333,0,0,0.133333333,0.066666667,0.3,0,0.166666667,0.1,0.266666667,0.433333333,0.8,0.133333333,0.3,0.033333333
H950,4.773333333,4.143333333,0.1,0,0,0,0.066666667,0,0,0,0.166666667,0,0,0.133333333,0.166666667,0.3,0.133333333,0.133333333,0.233333333,0.366666667,0.4,0.133333333,0.3,0.1,0.333333333,0.1,0,0,0,0.033333333,0.166666667,0.366666667,0.366666667,0.633333333,0.533333333,0.466666667,0.066666667,0.3,0.366666667,0,0.066666667,0.4,0.2,0.1,0,0.133333333,0,0,0,0.233333333,0.166666667,0,0
H957,2.266666667,4.27,0.2,0.133333333,0,0,0.166666667,0,0,0,0,0,0,0,0,0.166666667,0,0,0,0.2,0.233333333,0.166666667,0.033333333,0,0,0,0,0.066666667,0,0,0,0,0.166666667,0.233333333,0.8,0.066666667,0,0.233333333,0,0,0.133333333,0.133333333,0.3,0,0.1,0,0.033333333,0.1,0,0,0.166666667,0.133333333,0
H973,2.97,5.08,0.633333333,0.466666667,0.333333333,0.1,0.1,0.133333333,0.1,0,0.266666667,0.3,0.033333333,0,0,0.066666667,0.066666667,0,0,0,0.066666667,0,0.2,0,0,0.3,0,0.133333333,0,0.066666667,0,0.1,0.266666667,0,0.266666667,0,0.066666667,0.4,0.166666667,0,0,0,0.166666667,0,0,0.033333333,0.1,0.1,0.033333333,0,0.166666667,0.4,0.166666667
I082,2.626666667,5.57,0.133333333,0,0.033333333,0.133333333,0,0,0.1,0,1.3,0.166666667,0.533333333,0.566666667,0,1.133333333,0,0,0.033333333,0,0,0.166666667,0.033333333,0,0.066666667,0,0,0,0.066666667,0.033333333,0,0,0.333333333,0.066666667,0,0,0,0.1,0.166666667,0,0,0.033333333,0,0,0,0.166666667,0.1,0.1,0,0,0,0.066666667,0
I230,7.656666667,5.946666667,0.033333333,0.033333333,0.533333333,1.066666667,0.433333333,0.2,0,0.333333333,0.966666667,0.2,0.633333333,0.066666667,0.1,1.566666667,0.1,0,0.2,0,0,0.066666667,0,0,0,0,0,0,0,0,0,0,0,0,0,0,0,0.133333333,0.166666667,0,0,0,0,0.266666667,0,1.1,1.533333333,0.4,0.3,1.4,0.166666667,0.066666667,0
I362,4.77,6.96,0.2,0,0.3,1.866666667,0.166666667,0.133333333,0.266666667,0.066666667,0.4,0,0.333333333,0.2,0.1,1.7,0,0,0.366666667,0,0,0.066666667,0.1,0,0,0,0,0,0.033333333,0,0,0.033333333,0,0,0,0.133333333,0.033333333,0.033333333,0,0,0,0.033333333,0,0.133333333,0.033333333,0.233333333,0.466666667,0.166666667,0,0.1,0,0,0
I510,4.2,4.696666667,0.566666667,0.1,0.133333333,0.2,0.133333333,0.233333333,0.133333333,0.133333333,0.2,0,0.166666667,0,0,0.233333333,0,0,0.066666667,0.066666667,0,0.133333333,0.166666667,0,0.033333333,0.133333333,0,0,0,0,0,0,0.166666667,0.2,0,0.4,0.2,0.766666667,0.066666667,0.1,0,0.233333333,0,0.1,0,0.266666667,0.2,0.133333333,0.066666667,0.266666667,0.333333333,0.3,0.166666667
I708,6.836666667,3.923333333,0.466666667,0.233333333,0.233333333,0.1,0.266666667,0,0.233333333,0,0,0,0.066666667,0.133333333,0,0.333333333,0,0,0.333333333,0.066666667,0.1,0,0.266666667,0.166666667,0.5,0.233333333,0.366666667,0,0.233333333,0.2,0,0.133333333,0.166666667,0.233333333,0.133333333,0.4,0.333333333,0.666666667,0.433333333,0.633333333,0,0.6,0.133333333,0.366666667,0.266666667,0.166666667,0.333333333,0.2,0.066666667,0,0.166666667,0.133333333,0.1
I812,7.463333333,5.67,0.033333333,0,0.133333333,0.533333333,0.2,0.133333333,0.166666667,0.033333333,1.433333333,0.666666667,0.633333333,0.266666667,0,1.633333333,0.2,0.233333333,0.1,0,0,0.033333333,0,0,0,0,0.066666667,0,0,0,0.1,0.066666667,0.133333333,0.166666667,0,0,0,0.266666667,0.233333333,0,0,0,0.1,0.533333333,0,0.566666667,0.7,0.366666667,0.1,1.433333333,0.266666667,0.066666667,0
I845,2.67,5.533333333,0.033333333,0.033333333,0,0,0.166666667,0,0,0.033333333,0.966666667,0,0.333333333,0.3,0.1,0.933333333,0.1,0,0.033333333,0.166666667,0,0.1,0.066666667,0.1,0,0,0,0,0.066666667,0,0,0.266666667,0.166666667,0.066666667,0,0,0,0.366666667,0.1,0,0,0,0,0.166666667,0,0,0.033333333,0,0,0.433333333,0,0,0
I952,7.27,5.513333333,0.166666667,0,0.6,0.633333333,0.933333333,0.533333333,0,0.066666667,0,0.233333333,0,0,0,0,0,0,0,0,0,0,0,0,0,0.1,0,0,0,0,0,0,0,0.133333333,0,0.033333333,0,0.3,0.433333333,0,0,0,0,0.3,0,2.7,1.666666667,0.4,0.233333333,0.066666667,0,0.233333333,0
I983,6.363333333,6.98,0,0,0.766666667,1.966666667,0.366666667,0.2,0.2,0.133333333,0.266666667,0.233333333,0.166666667,0.133333333,0,1.366666667,0.133333333,0,0.566666667,0,0.033333333,0.066666667,0.033333333,0,0,0,0,0,0,0,0,0.1,0.033333333,0,0,0.1,0,0,0,0,0,0,0,0.166666667,0,0.3,0.433333333,0,0,0.466666667,0,0,0
I990,3.646666667,4.933333333,0.933333333,0.833333333,0.466666667,0.033333333,0,0,0,0.033333333,0.3,0,0.133333333,0,0,0.2,0,0,0,0.066666667,0,0.033333333,0.166666667,0,0.233333333,0.366666667,0,0,0,0,0,0,0.333333333,0.366666667,0,0.233333333,0,0.666666667,0.066666667,0.033333333,0,0.066666667,0,0.033333333,0,0.166666667,0.1,0.1,0.166666667,0.066666667,0.1,0.066666667,0
A014,6.329411765,6.5,0.852941176,0.323529412,0.147058824,0.088235294,0.294117647,0,0,0.294117647,1.764705882,0.323529412,1.441176471,1.029411765,1.117647059,1.294117647,0.058823529,0,0,0,0.235294118,0,0.058823529,0,0,0.088235294,0.088235294,0,0,0,0,0.117647059,0,0,0.029411765,0,0,0.176470588,0,0.205882353,0,0,0,0.117647059,0,0.205882353,0.176470588,0.029411765,0,0.205882353,0.058823529,0.088235294,0
A072,8.373529412,1.623529412,0,0,0,0,0.088235294,0,0.058823529,0.058823529,0,0,0,0,0,0,0,0,0,0,0.147058824,0.264705882,0.411764706,0,0,0,0,0,0.029411765,0,0,0.176470588,0.117647059,0.529411765,0.058823529,0.264705882,0.235294118,0.588235294,2.705882353,0.882352941,0.235294118,0.529411765,0,0.529411765,0,0,0,0.441176471,0.441176471,0.058823529,0,0.088235294,0.029411765
A117,4.858823529,4.123529412,0.147058824,0.117647059,0,0,0,0.088235294,0.117647059,0,0.470588235,0,0.235294118,0.176470588,0.235294118,0.470588235,0.029411765,0.205882353,0,0,0,0,0,0.617647059,0,0.411764706,0,0,0.911764706,0.352941176,0.911764706,0.617647059,0.411764706,0.294117647,0.176470588,0,0,0.176470588,0,0.029411765,0.264705882,0.911764706,0,0,0.058823529,0,0.147058824,0,0.058823529,0.117647059,0,0.029411765,0
A192,3.882352941,5.067647059,0.5,0.323529412,0.176470588,0,0.235294118,0.117647059,0,0.058823529,0.411764706,0.029411765,0.088235294,0.147058824,0,0.588235294,0.117647059,0.176470588,0,0.029411765,0,0.088235294,0.176470588,0.058823529,0.235294118,0.235294118,0,0.235294118,0.088235294,0.205882353,0.088235294,0.058823529,0.382352941,0.176470588,0.029411765,0.176470588,0,0.264705882,0.205882353,0,0.088235294,0.058823529,0,0.029411765,0,0.117647059,0.176470588,0.117647059,0,0.117647059,0,0,0
A204,3.576470588,5.847058824,0.117647059,0,0,0.176470588,0.088235294,0.088235294,0.176470588,0,0.882352941,0.264705882,0.382352941,0.823529412,0,1.588235294,0.529411765,0.264705882,0.117647059,0,0,0,0.058823529,0.058823529,0.088235294,0,0.147058824,0.147058824,0.294117647,0.088235294,0.088235294,0.029411765,0.176470588,0.029411765,0,0,0.147058824,0.147058824,0,0,0,0,0,0,0,0,0,0,0,0.029411765,0,0.117647059,0
A209,3.626470588,5.608823529,0,0,0,0.058823529,0.058823529,0,0.147058824,0.117647059,1.088235294,0.058823529,0.294117647,0.470588235,0.264705882,0.882352941,0.411764706,0.352941176,0,0,0,0.088235294,0.147058824,0.088235294,0.117647059,0.176470588,0,0.117647059,1,0.617647059,0.352941176,0.058823529,0.176470588,0,0,0.117647059,0,0.147058824,0,0,0,0.029411765,0,0,0,0,0,0,0,0.029411765,0,0,0
A244,4.044117647,4.391176471,0.058823529,0,0,0,0.058823529,0,0.205882353,0,0.676470588,0,0.205882353,0.470588235,0,0.794117647,0.264705882,0.205882353,0.117647059,0,0,0.117647059,0.088235294,0.205882353,0.029411765,0.382352941,0,0.176470588,0.058823529,0.088235294,0.176470588,0.117647059,0.323529412,0.058823529,0.147058824,0,0,0.117647059,0.205882353,0.264705882,0.323529412,0.352941176,0.058823529,0.117647059,0,0,0,0,0,0.058823529,0,0,0
A245,7.008823529,2.479411765,0,0,0,0,0,0,0.117647059,0,0.5,0,0,0,0,0.411764706,0,0,0.058823529,0,0,0,0.176470588,0.294117647,0.088235294,0.411764706,0,0.441176471,0.382352941,0.294117647,1.264705882,0.970588235,0.647058824,0.323529412,0.088235294,0,0.117647059,0.529411765,0.5,0,1.205882353,1.705882353,0,0,0.323529412,0,0.058823529,0.147058824,0,0,0,0,0
A246,4.526470588,5.591176471,0.764705882,0.058823529,0.176470588,0,0,0.264705882,0.235294118,0.117647059,0.852941176,0.294117647,0.176470588,0.058823529,0.058823529,0.529411765,0,0,0,0,0,0.205882353,0.205882353,0.117647059,1.088235294,0.382352941,0,0.294117647,0.205882353,0,0.176470588,0.470588235,0.176470588,0.294117647,0.029411765,0.205882353,0.029411765,0.235294118,0,0,0,0.205882353,0,0,0,0.058823529,0,0,0,0.058823529,0,0,0
A316,3.917647059,5.676470588,0.176470588,0.029411765,0,0,0,0,0.205882353,0.147058824,1.205882353,0.205882353,0.382352941,0.352941176,0,1.647058824,0.294117647,0,0.088235294,0,0,0,0,0.264705882,0.117647059,0.117647059,0.088235294,0,0.264705882,0.205882353,0.176470588,0.088235294,0.205882353,0.088235294,0,0,0,0.058823529,0,0,0,0.323529412,0,0,0,0.176470588,0.058823529,0,0,0.176470588,0.088235294,0.147058824,0
A351,3.144117647,5.391176471,0.147058824,0.117647059,0,0.088235294,0,0,0.323529412,0,1.176470588,0.147058824,0.676470588,0.382352941,0.117647059,1.441176471,0.205882353,0,0.088235294,0,0.029411765,0.088235294,0,0.088235294,0,0.117647059,0,0,0.029411765,0.176470588,0.058823529,0.088235294,0.029411765,0.088235294,0,0.058823529,0,0.176470588,0,0,0,0.088235294,0.147058824,0,0,0.058823529,0.058823529,0,0,0.176470588,0.029411765,0,0
A398,6.685294118,5.952941176,0,0,0,0.088235294,0,0.088235294,0,0.147058824,2.264705882,0.205882353,1.558823529,0.794117647,0.205882353,1.529411765,0.117647059,0,0,0,0,0,0,0,0,0,0.117647059,0.088235294,0.088235294,0.117647059,0.176470588,0.058823529,0.382352941,0,0,0.147058824,0,0.205882353,0.323529412,0,0,0,0,0.117647059,0,0.323529412,0.352941176,0.294117647,0.117647059,0.588235294,0,0.029411765,0
A454,5.423529412,7.073529412,0.294117647,0,0.323529412,0.176470588,0,0.294117647,0.5,0.235294118,0.264705882,2.117647059,0.676470588,0.382352941,0,1.117647059,0.088235294,0.029411765,0,0,0,0.029411765,0,0,0,0,0,0.147058824,0,0.117647059,0,0.382352941,0,0,0,0,0,0.058823529,0,0,0,0,0.029411765,0.117647059,0,0.735294118,0.617647059,0.352941176,0.117647059,0.117647059,0,0.117647059,0
A557,5.064705882,5.823529412,0.117647059,0,0.588235294,0.117647059,1.176470588,0.294117647,0.117647059,0.117647059,0.058823529,0,0.176470588,0.176470588,0,0.411764706,0.117647059,0.088235294,2.470588235,0.794117647,0.088235294,0,0.088235294,0,0.088235294,0,0,0,0,0,0,0,0.029411765,0.058823529,0,0.205882353,0,0.441176471,0.029411765,0,0.117647059,0,0,0,0,0.176470588,0,0,0,0.029411765,0,0.088235294,0
A671,5.029411765,5.355882353,0.117647059,0,0,0.088235294,0,0.176470588,0,0.117647059,1.205882353,0,0.470588235,0.147058824,0.058823529,1.235294118,0.294117647,0.294117647,0.117647059,0,0,0.294117647,0,0.117647059,0,0.205882353,0,0,0.294117647,0.352941176,0.205882353,0.411764706,0.411764706,0,0.088235294,0,0,0.147058824,0,0,0.176470588,0.235294118,0,0,0,0.147058824,0,0.294117647,0,0.352941176,0,0.058823529,0
A701,6.605882353,4.070588235,0.117647059,0,0.117647059,0,0,0,0,0,0.088235294,0,0,0,0,0,0.058823529,0,0,0,0.088235294,0.205882353,0,0.294117647,0,0.294117647,0,0,0.235294118,0.294117647,0.617647059,0.529411765,0.764705882,0.852941176,3.176470588,0,0.088235294,0.205882353,0.058823529,0.117647059,0.205882353,0.794117647,0,0,0.058823529,0.117647059,0,0.147058824,0,0.205882353,0.058823529,0.058823529,0.147058824
A800,3.432352941,5.017647059,0.205882353,0,0.029411765,0,0,0,0.176470588,0.029411765,0.970588235,0,0.205882353,0.264705882,0.058823529,1.617647059,0.058823529,0.235294118,0,0,0.029411765,0.117647059,0.088235294,0.147058824,0.147058824,0.323529412,0.147058824,0,0.411764706,0.352941176,0,0.058823529,0.294117647,0,0,0,0.029411765,0.147058824,0,0,0,0.235294118,0,0.029411765,0,0.029411765,0,0.058823529,0.029411765,0.058823529,0,0,0
A825,7.476470588,4.632352941,0,0,0.147058824,0,0.058823529,0.088235294,0.5,0.323529412,0.176470588,0,0.264705882,0.176470588,0,0.558823529,0,0.058823529,0,0.117647059,0.176470588,0.205882353,0,0,0.352941176,0.147058824,0.088235294,0.205882353,0.117647059,0,0,0.147058824,0,0.058823529,0,0.117647059,0,0.588235294,0.558823529,0,0,0,0.735294118,0.705882353,0,0.676470588,0.264705882,0.617647059,0.676470588,0.323529412,1,0.323529412,0
A829,7.085294118,6.552941176,0.235294118,0,0,0.117647059,0.088235294,0,0,0.147058824,2,0.294117647,2.088235294,0.617647059,0.588235294,1.647058824,0,0.029411765,0,0,0,0,0.176470588,0,0,0,0.205882353,0.029411765,0,0,0,0.088235294,0,0,0,0,0,0.176470588,0.058823529,0.088235294,0,0,0,0,0,0.294117647,0.382352941,0.117647059,0,0.588235294,0,0.029411765,0
A841,5.370588235,5.038235294,0.147058824,0,0.117647059,0,0.117647059,0.088235294,0.588235294,0.411764706,0.411764706,0.088235294,0,0.764705882,0,0.794117647,0,0,0,0,0,0.088235294,0.176470588,0,0.088235294,0.235294118,0.088235294,0.117647059,0.117647059,0.029411765,0.117647059,0.235294118,0,0,0,0,0,0.411764706,0.264705882,0,0,0,0.352941176,0.441176471,0.029411765,0.323529412,0.117647059,0.323529412,0.558823529,0.117647059,0.529411765,0.235294118,0.235294118
A866,7.094117647,4.488235294,1.352941176,1.441176471,0.588235294,0.029411765,0.176470588,0.088235294,0.117647059,0,0.117647059,0.117647059,0,0,0,0.176470588,0,0,0,0,0.117647059,0.117647059,0.294117647,0,0.5,1.441176471,0,0.676470588,0,0.029411765,0,0,0,0.147058824,0.088235294,0.147058824,0,0.676470588,0,0,0,0,0.205882353,0,0,0.235294118,0.264705882,0.117647059,0.117647059,0,0.352941176,0.5,0
A945,5.3,6.611764706,0.441176471,0.323529412,0.029411765,0,0,0,0.088235294,0,1.735294118,0.117647059,2,0.558823529,0.823529412,1.558823529,0.088235294,0.117647059,0,0,0,0,0,0.058823529,0.088235294,0,0,0,0.058823529,0.029411765,0,0.205882353,0,0,0.088235294,0,0,0.088235294,0,0,0,0.147058824,0,0,0,0.058823529,0.205882353,0,0.058823529,0.176470588,0,0.029411765,0
A978,6.941176471,6.502941176,0.088235294,0,0.558823529,0.176470588,0.705882353,0.617647059,0.441176471,0.058823529,0.147058824,0.176470588,0.058823529,0,0,0.617647059,0,0.323529412,2.705882353,0.264705882,0,0.205882353,0,0.088235294,0.058823529,0,0,0.088235294,0,0,0,0.088235294,0.117647059,0.088235294,0,0.235294118,0.117647059,0.117647059,0.029411765,0,0,0,0.147058824,0.088235294,0,0.617647059,0.147058824,0,0,0.058823529,0,0.088235294,0
B017,5.120588235,4.867647059,0.558823529,0.352941176,0.676470588,0,0.176470588,0.176470588,0.852941176,0.382352941,0.352941176,0.941176471,0.323529412,0.088235294,0,0.382352941,0,0,0.058823529,0,0,0,0.117647059,0.088235294,0.117647059,0.264705882,0,0.147058824,0,0.088235294,0,0.147058824,0,0,0.058823529,0.088235294,0,0.352941176,0.441176471,0,0,0,0,0,0,0.470588235,0.205882353,0.058823529,0.264705882,0.147058824,0,0.205882353,0
B137,5.738235294,7.076470588,0.382352941,0,0.441176471,3.264705882,0.294117647,0.029411765,0,0.382352941,0.529411765,0,0,0.117647059,0,1.029411765,0.088235294,0.088235294,0,0,0,0,0,0,0,0.176470588,0,0,0,0,0,0,0,0,0,0,0,0.088235294,0.088235294,0.147058824,0,0,0,0.117647059,0,0.352941176,1.117647059,0.088235294,0,0,0.088235294,0,0
B253,4.267647059,5.947058824,0.235294118,0.058823529,0.029411765,0,0.058823529,0.147058824,0.147058824,0,1.088235294,0.147058824,0.176470588,0.411764706,0.088235294,0.970588235,0,0.117647059,0,0,0.088235294,0.294117647,0.147058824,0.205882353,0.411764706,0.176470588,0,0.058823529,0.205882353,0.147058824,0.058823529,0.088235294,0.147058824,0.264705882,0,0,0,0.176470588,0.029411765,0,0,0.323529412,0,0.058823529,0,0.117647059,0.147058824,0.117647059,0,0.352941176,0.058823529,0.205882353,0
B381,4.726470588,5.670588235,0.411764706,0,0,0,0.205882353,0.088235294,0.235294118,0.176470588,1.382352941,0.147058824,0.705882353,0.205882353,0.205882353,1.088235294,0,0.235294118,0.029411765,0,0,0.117647059,0.117647059,0.088235294,0.294117647,0.176470588,0.029411765,0.352941176,0.058823529,0.117647059,0,0.088235294,0,0.205882353,0,0.176470588,0.088235294,0.352941176,0,0,0.058823529,0.088235294,0,0,0,0.058823529,0.058823529,0.058823529,0.058823529,0.264705882,0,0.117647059,0
B505,4.488235294,5.123529412,0.147058824,0,0.029411765,0.029411765,0,0,0.058823529,0.147058824,1.441176471,0,0.617647059,0.588235294,0.117647059,1.205882353,0.058823529,0.176470588,0,0.088235294,0,0.264705882,0.117647059,0.558823529,0,0.147058824,0,0.058823529,0.029411765,0,0.088235294,0.029411765,0.176470588,0.411764706,0.441176471,0,0.058823529,0.205882353,0,0,0.088235294,0.352941176,0,0,0.117647059,0,0.088235294,0,0,0.205882353,0,0.058823529,0
B518,8.002941176,1.602941176,0.029411765,0.029411765,0.029411765,0,0,0,0,0,0,0,0,0,0,0,0,0,0,0,0.088235294,0.117647059,0,0.088235294,0,0.117647059,0,0,0,0.176470588,0.147058824,0.352941176,0.176470588,0.411764706,1.323529412,0.176470588,0.176470588,0.411764706,1.676470588,2.382352941,0.264705882,1.176470588,0,0.205882353,0.205882353,0.088235294,0,0.617647059,0.382352941,0.294117647,0.117647059,0.117647059,0
B546,6.482352941,5.088235294,0.058823529,0,0.323529412,0,0.176470588,0.117647059,0.029411765,0.088235294,1.147058824,0,0.205882353,0.352941176,0,1.205882353,0.323529412,0.235294118,0,0.117647059,0,0.470588235,0.470588235,0.294117647,0.647058824,0.470588235,0,0.176470588,0,0.088235294,0.058823529,0,0.705882353,0,0.117647059,0,0,0,0.323529412,0,0.088235294,0.117647059,0,0.117647059,0,0.058823529,0.058823529,0.205882353,0.029411765,1.117647059,0.088235294,0,0
B556,6.611764706,5.638235294,1.117647059,0.5,0.558823529,0.323529412,0.058823529,0.352941176,0.5,0.294117647,0.088235294,1.235294118,0.117647059,0.088235294,0,0.411764706,0,0,0,0,0,0,0,0,0,0.352941176,0,0.117647059,0,0,0,0.058823529,0,0,0,0,0,0.470588235,0.5,0,0,0,0.058823529,0.323529412,0,0.588235294,0.676470588,0.294117647,0.764705882,0.176470588,0.088235294,0.529411765,0
B623,3.926470588,4.997058824,0.147058824,0.058823529,0,0,0.058823529,0.058823529,0.029411765,0,0.323529412,0,0,0.058823529,0,0.294117647,0,0.029411765,0.029411765,0,0.411764706,0.352941176,0.176470588,0.352941176,0.235294118,0.264705882,0,0,0.029411765,0.411764706,0.411764706,0,0.176470588,0.352941176,1.441176471,0.088235294,0.176470588,0.176470588,0,0.088235294,0.117647059,0.117647059,0.088235294,0.147058824,0,0,0.029411765,0,0,0,0,0,0
B666,6.641176471,6.561764706,0.029411765,0,0,0.235294118,0.147058824,0,0.117647059,0.147058824,1.794117647,0.235294118,1.470588235,1,0.529411765,1.735294118,0.294117647,0.088235294,0,0,0,0,0,0,0.029411765,0.058823529,0,0,0.058823529,0,0,0,0,0.117647059,0,0,0,0.147058824,0.323529412,0,0,0.029411765,0,0.647058824,0,0.441176471,0.235294118,0.117647059,0.058823529,1.058823529,0.117647059,0.088235294,0.088235294
B670,7.408823529,6.147058824,0.264705882,0,0.264705882,0.264705882,0.088235294,0.323529412,0.294117647,0.382352941,0.764705882,0.088235294,0.470588235,1.058823529,0.117647059,1.147058824,0,0.088235294,0.411764706,0.058823529,0,0.147058824,0.058823529,0.088235294,0.735294118,0,0.029411765,0,0,0,0,0.029411765,0,0,0,0,0,0.205882353,0.441176471,0,0,0,0.088235294,0.705882353,0,0.529411765,0.382352941,0.470588235,0.147058824,0.441176471,0.264705882,0.088235294,0
B713,4.705882353,5.514705882,0.470588235,0.029411765,0.058823529,0,0.088235294,0.147058824,0.352941176,0,1.029411765,0.058823529,0.088235294,0.294117647,0.235294118,0.735294118,0,0.176470588,0,0,0,0.294117647,0.117647059,0.470588235,0.235294118,0.558823529,0,0.117647059,0.058823529,0.205882353,0.294117647,0.264705882,0.147058824,0,0.235294118,0.117647059,0,0.147058824,0.029411765,0,0,0.147058824,0.058823529,0.147058824,0.088235294,0,0.147058824,0,0.029411765,0.323529412,0,0,0
B739,6.817647059,5.997058824,0.117647059,0,0.205882353,0.294117647,0.205882353,0.235294118,0.352941176,0.411764706,1.441176471,0.235294118,1.205882353,0.5,0.205882353,2.029411765,0.294117647,0.294117647,0,0.029411765,0,0,0,0,0.088235294,0.176470588,0.058823529,0,0,0,0,0.029411765,0,0,0.029411765,0.088235294,0,0.352941176,0.205882353,0,0,0,0.117647059,0.323529412,0,0.823529412,0.588235294,0.264705882,0.088235294,0.529411765,0.088235294,0.058823529,0.058823529
B970,4.323529412,4.729411765,0.117647059,0.058823529,0.117647059,0,0.058823529,0.088235294,0.058823529,0,0.617647059,0,0.441176471,0,0,0.264705882,0,0,0,0,0,0.264705882,0,1.205882353,0.058823529,0.264705882,0,0.088235294,0.235294118,0,0.176470588,0.205882353,0.411764706,0.470588235,0.5,0.147058824,0.117647059,0.470588235,0.058823529,0.441176471,0,1.088235294,0,0,0,0,0,0.029411765,0,0.058823529,0,0.147058824,0
B971,6.267647059,3.758823529,0,0,0,0,0.205882353,0.058823529,0,0.088235294,0.117647059,0,0.058823529,0.088235294,0.058823529,0.205882353,0.029411765,0,0.117647059,0.058823529,0.029411765,0.117647059,0.235294118,0,0.117647059,0.294117647,0,0.088235294,0,0,0.058823529,0,0,0.235294118,0.147058824,0.117647059,0.029411765,1.147058824,0.205882353,0.029411765,0.147058824,0.058823529,0.647058824,1.176470588,0.294117647,0.411764706,0.117647059,0,0.147058824,0,0.647058824,0.294117647,0
C094,5.49,5.373333333,0.133333333,0,0.1,0,0.166666667,0,0,0.066666667,0.133333333,0,0,0,0,0.033333333,0,0,0,0.1,0.3,1.2,2.3,0,2.3,0.266666667,0,0,0,0.266666667,0,0,0,0.1,0.066666667,0.633333333,0,0.766666667,0,0,0,0,0.033333333,0.066666667,0.033333333,0.3,0.133333333,0.233333333,0.133333333,0.1,0,0,0
C203,4.89,5.356666667,0.066666667,0,0.166666667,0,0.5,0.2,0.466666667,0.333333333,0,0.233333333,0.233333333,0.133333333,0,1.5,0.466666667,0.133333333,1.166666667,0,0.133333333,0,0,0.1,0,0,0,0,0,0,0.033333333,0.166666667,0.3,0.1,0,0.066666667,0,0,0,0,0,0.033333333,0.033333333,0.666666667,0.033333333,0.1,0,0,0,0.066666667,0.066666667,0,0
C209,5.046666667,5.16,0.266666667,0.033333333,0.133333333,0.033333333,0,0.166666667,0.166666667,0.033333333,0.666666667,0.3,0.033333333,0.566666667,0.066666667,0.566666667,0.133333333,0,0,0,0.066666667,0.166666667,0.1,0.1,0.166666667,0.366666667,0,0.3,0.633333333,0.233333333,0.133333333,0.4,0.2,0.1,0.233333333,0.366666667,0,0.666666667,0,0,0.066666667,0,0.1,0.266666667,0,0.133333333,0.033333333,0.133333333,0.066666667,0.466666667,0.333333333,0.266666667,0.066666667
C211,5.796666667,3.45,0.233333333,0.1,0,0,0.033333333,0.1,0.266666667,0,0.266666667,0,0,0,0,0.066666667,0,0,0,0.033333333,0,0,0,0.166666667,0.233333333,0.333333333,0,0.1,0,0,0.1,0,0,0.1,0.2,0.166666667,0,0.766666667,0.366666667,0.733333333,0.3,0.466666667,0,0.333333333,0.566666667,0.6,0,0.033333333,0.1,0.033333333,0.2,0,0
C312,4.173333333,5.54,0.566666667,0.066666667,0.166666667,0.033333333,0.266666667,0.233333333,0.033333333,0.066666667,1.1,0,0.5,0.533333333,0,1,0.266666667,0.1,0,0,0,0,0.2,0,0,0.233333333,0.266666667,0.066666667,0.1,0,0.066666667,0,0,0.3,0.033333333,0.366666667,0,0.133333333,0,0,0,0.066666667,0,0.166666667,0,0.133333333,0.166666667,0.1,0,0.433333333,0,0.033333333,0
C391,4.456666667,5.656666667,0.166666667,0,0.033333333,0,0.166666667,0,0.066666667,0.133333333,1.2,0,0.233333333,0.366666667,0,0.9,0.666666667,0.233333333,0.3,0.066666667,0.133333333,0.166666667,0,0.033333333,0.1,0,0,0,0.033333333,0.033333333,0,0,0.133333333,0,0.1,0.166666667,0,0.4,0.033333333,0,0,0,0,0,0,0,0,0,0,0.533333333,0.033333333,0.066666667,0
C393,6.86,6.733333333,0.066666667,0,0.333333333,0.233333333,0.333333333,0.1,0.466666667,0.466666667,0.433333333,0,0.3,0.2,0.033333333,1.833333333,0.466666667,0.033333333,2.533333333,0,0.066666667,0,0,0,0.333333333,0,0,0.3,0.033333333,0,0,0,0,0,0,0.066666667,0,0.066666667,0,0,0,0,0,0.266666667,0,0.033333333,0.166666667,0.466666667,0,0,0,0.033333333,0
C489,4.446666667,4.59,0.5,0.4,0.066666667,0,0.166666667,0.033333333,0.033333333,0.166666667,0.033333333,0.033333333,0,0.1,0,0.166666667,0,0,0.033333333,0,0,0.066666667,0.4,0,0.1,0.266666667,0,0.166666667,0,0,0,0,0,0,0,0.233333333,0.2,0.9,0,0,0,0.1,0.533333333,0.333333333,0,0,0,0,0.066666667,0,0.3,0.3,0.166666667
C542,4.14,4.446666667,0.333333333,0,0,0,0.133333333,0,0,0,0.233333333,0.1,0,0,0.133333333,0.366666667,0.1,0.1,0,0.166666667,0,0,0.066666667,0.033333333,0,0.133333333,0,0,0,0.033333333,0.033333333,0,0.233333333,0.066666667,0,0.8,0.1,0.933333333,0.133333333,0,0,0.066666667,0.033333333,0.233333333,0,0.533333333,0,0,0.133333333,0.533333333,0.066666667,0.066666667,0
C622,3.526666667,4.926666667,0.533333333,0.233333333,0.233333333,0.066666667,0,0,0,0,1,0,0,0.366666667,0,1,0.1,0.066666667,0,0.133333333,0,0.133333333,0,0,0,0,0,0,0.166666667,0,0.033333333,0.166666667,0,0,0.066666667,0,0.066666667,0.233333333,0.133333333,0.066666667,0,0,0.133333333,0.233333333,0,0,0.1,0,0.033333333,0.5,0.033333333,0.033333333,0
C652,3.53,4.946666667,0.233333333,0,0.066666667,0,0,0.1,0.066666667,0,0.333333333,0.133333333,0.033333333,0.1,0,0.366666667,0,0.1,0,0,0,0.1,0,0,0.2,0.133333333,0,0.166666667,0.033333333,0.133333333,0.033333333,0,0.066666667,0.3,0.3,0.033333333,0.1,0.2,0.133333333,0,0,0.066666667,0.233333333,0.266666667,0,0.066666667,0,0,0,0.333333333,0.566666667,0,0
C682,7.23,5.866666667,0.266666667,0,0.5,0.333333333,0.166666667,0.2,0.233333333,0.133333333,2.2,0.866666667,1,0.833333333,0.266666667,2.166666667,0.5,0.366666667,0.033333333,0.033333333,0,0.033333333,0,0,0.1,0.1,0.1,0.466666667,0.033333333,0,0,0,0,0,0,0,0,0.133333333,0.2,0,0,0,0,0.2,0,0.833333333,0.933333333,0.133333333,0.066666667,0.133333333,0.066666667,0.066666667,0
C698,5.256666667,5.276666667,0.366666667,0,0.133333333,0.133333333,0.133333333,0.1,0.066666667,0,1.533333333,0.366666667,0.6,0.4,0.2,1.7,0,0,0,0.033333333,0.066666667,0,0,0.133333333,0,0.366666667,0,0.266666667,0.166666667,0.033333333,0.666666667,0.133333333,0.133333333,0,0,0.166666667,0.033333333,0.066666667,0,0.1,0.066666667,0.333333333,0,0.1,0.133333333,0,0.1,0,0,0.3,0.1,0,0
C702,6.916666667,4.156666667,0.766666667,0.066666667,0.266666667,0,0.233333333,0.166666667,0,0.133333333,0,0,0,0,0,0,0,0,0,0.066666667,0.133333333,0.833333333,1.833333333,0.033333333,1.3,0.533333333,0,0.1,0,0,0,0,0,0.066666667,0,0.933333333,0.166666667,1.066666667,0.366666667,0.166666667,0.066666667,0.066666667,0.366666667,0.133333333,0.133333333,0.066666667,0,0.366666667,0.366666667,0.1,0.233333333,0.1,0
C729,6.996666667,3.92,0.2,0,0.066666667,0,0.333333333,0,0,0.066666667,0,0,0,0,0,0.266666667,0.233333333,0.133333333,0.1,0.433333333,0.533333333,0.633333333,0.6,0.433333333,0.9,0.1,0,0.066666667,0.3,0.166666667,0.566666667,0.3,0.466666667,0.5,0.766666667,0,0.033333333,0.433333333,0.066666667,0.233333333,0.066666667,0.366666667,0.466666667,0,0.3,0.133333333,0.1,0.466666667,0.4,0.533333333,0.033333333,0,0
C744,5.386666667,4.003333333,0.3,0.066666667,0.166666667,0,0.233333333,0.1,0.166666667,0.066666667,0,0,0,0,0,0.3,0,0,0,0,0.066666667,0.3,0.533333333,0,0.1,0,0,0.066666667,0,0,0.033333333,0.1,0.166666667,0,0.033333333,0.2,0.2,0.8,0.1,0.066666667,0,0.066666667,0.733333333,0.6,0,0.533333333,0.166666667,0.133333333,0.666666667,0.233333333,0.666666667,0.166666667,0
C749,5.133333333,3.066666667,0.133333333,0,0.033333333,0,0.2,0,0,0,0.066666667,0,0,0,0,0.2,0,0,0,0,0,0.1,0.133333333,0.166666667,0.066666667,0.333333333,0,0.233333333,0.6,0.033333333,0.933333333,0.9,0.566666667,0.066666667,0.133333333,0.066666667,0.1,0.566666667,0,0.166666667,0.1,0.966666667,0.1,0.466666667,0.266666667,0.1,0,0.1,0.233333333,0.066666667,0.3,0,0
C761,6.793333333,6.633333333,0.166666667,0,1.033333333,2.366666667,0.033333333,0,0,0.033333333,0.066666667,0,0,0,0,0.866666667,0,0.1,0.4,0.033333333,0,0,0,0,0,0,0,0,0,0,0,0,0,0,0,0,0,0,0,0,0,0.1,0.3,0.3,0,1.366666667,1.433333333,0.3,0.033333333,0.333333333,0.3,0,0
C807,4.726666667,5.996666667,0,0,0.633333333,1.633333333,0.033333333,0.366666667,0.266666667,0.333333333,0.466666667,0,0.066666667,0.133333333,0.066666667,0.7,0,0,0,0,0,0,0,0,0.133333333,0,0,0,0,0,0,0,0,0.1,0,0.066666667,0.1,0.166666667,0.1,0,0,0,0,0,0,1.4,0.733333333,0.033333333,0.066666667,0.3,0.033333333,0.1,0
C830,6.73,5.256666667,0.233333333,0.033333333,0.133333333,0.033333333,0.166666667,0,0.133333333,0.066666667,2.066666667,0.366666667,1.433333333,1.2,0.466666667,1.8,0.066666667,0.066666667,0,0,0,0,0,0,0,0,0.1,0.1,0,0,0,0,0.133333333,0,0,0,0,0.166666667,0,0,0.066666667,0.166666667,0.066666667,0.133333333,0,0.366666667,0.166666667,0.033333333,0.366666667,0.866666667,0.066666667,0.1,0.066666667
C852,6.886666667,3.93,0.133333333,0.066666667,0.3,0,0.066666667,0.266666667,0.366666667,0,0.166666667,0,0,0,0,0.266666667,0,0,0.066666667,0.266666667,0.333333333,0.533333333,0,0.5,0.7,0.066666667,0.133333333,0.2,0,0,0.066666667,0.166666667,0.166666667,0.4,1,0.166666667,0.3,0.933333333,0.1,0.133333333,0.1,0.133333333,0.4,0.4,0,0.733333333,0.1,0.3,0.533333333,0.233333333,0.366666667,0.3,0
C887,4.783333333,5.233333333,0.3,0.166666667,0,0.066666667,0.1,0.066666667,0.233333333,0.066666667,1.133333333,0.133333333,0.333333333,0.633333333,0.966666667,1.533333333,0.1,0,0,0,0,0.066666667,0.066666667,0,0,0,0.066666667,0.166666667,0.066666667,0,0,0.133333333,0,0,0,0.133333333,0,0.1,0.066666667,0.1,0,0,0.166666667,0.4,0,0.133333333,0.066666667,0,0.533333333,0.366666667,0.233333333,0,0
C890,7.443333333,2.53,0.133333333,0,0.066666667,0,0,0.066666667,0,0.033333333,0.1,0.133333333,0.1,0.233333333,0,0,0,0,0,0.066666667,0,0.1,0,0.4,0,0.266666667,0,0.266666667,0.066666667,0,0.3,0.366666667,0.266666667,0.866666667,0,0.266666667,0.1,0.7,1.166666667,0.933333333,0,0.8,0,0.5,0.8,0.3,0.4,0.566666667,0.166666667,0.566666667,0.066666667,0.066666667,0
C891,6.33,4.626666667,0.166666667,0.1,0.6,0,0.333333333,0.2,0.166666667,0,0.4,0,0.233333333,0.466666667,0.1,0.666666667,0.4,0.2,0.2,0,0.3,0.066666667,0,0,0.133333333,0.066666667,0,0,0,0.033333333,0,0.166666667,0.166666667,0.066666667,0,0.333333333,0,0.933333333,0.333333333,0,0,0,0.266666667,0.766666667,0.066666667,0.166666667,0.2,0.4,0.1,0.5,0.466666667,0.133333333,0
C921,6.276666667,5.23,1.766666667,1.8,0.6,0.1,0.466666667,0.266666667,0.433333333,0,0.133333333,0.5,0.166666667,0,0,0.166666667,0,0,0,0,0,0,0.066666667,0,0,0.133333333,0,0.233333333,0,0,0,0,0,0,0,0.2,0.1,0.466666667,0.2,0.133333333,0,0,0.233333333,0.066666667,0,0.2,0.233333333,0.133333333,0.266666667,0.033333333,0.166666667,0.533333333,0
C979,7.533333333,3.52,0.2,0.1,0.133333333,0.266666667,0.2,0.366666667,0.233333333,0.033333333,0.133333333,0,0,0.133333333,0.1,0.733333333,0.366666667,0.133333333,0.033333333,0.3,0,0.333333333,0,0.033333333,0.133333333,0.1,0.066666667,0,0,0,0,0.366666667,0.033333333,0.133333333,0.066666667,0.166666667,0.133333333,0.833333333,0.266666667,0,0,0.233333333,0.333333333,0.733333333,0,0.533333333,0.233333333,0.633333333,0.866666667,0,0.566666667,0.233333333,0
D109,7.11,3.163333333,0,0,0.133333333,0,0,0,0,0,0,0.033333333,0.066666667,0.066666667,0,0,0,0,0,0,0,0,0,0,0,0,0,0,0,0,0,0.4,0.233333333,0,0,0,0,0,1.3,0,0,0.033333333,0.1,0.5,0,1.466666667,0.933333333,0.866666667,0.433333333,2.866666667,0.266666667,0.2,0
D141,4.223333333,4.843333333,0.1,0,0,0,0,0,0,0.066666667,0,0,0.066666667,0,0,0.4,0,0,0.066666667,0.1,0.166666667,0.4,0.533333333,0.466666667,0.5,0.4,0.1,0.2,0.1,0.3,0.266666667,0.033333333,0.3,0.1,0.766666667,0.133333333,0.166666667,0.3,0.1,0,0,0.4,0,0.033333333,0,0,0,0.1,0,0,0,0,0
D171,6.573333333,6.02,0.133333333,0,0.466666667,0.066666667,0.933333333,0.366666667,0.233333333,0.133333333,0,0,0,0,0,0.9,0.433333333,0.533333333,2.033333333,1.133333333,0.633333333,0.333333333,0.066666667,0.1,0.133333333,0,0,0.266666667,0,0,0,0,0,0,0,0.4,0.166666667,0.466666667,0.033333333,0,0,0,0.3,0,0.033333333,0.466666667,0.1,0,0.1,0,0.133333333,0.066666667,0
D201,6.816666667,5.243333333,0.133333333,0,0.166666667,0,0.766666667,0.166666667,0.333333333,0.266666667,0.433333333,0,0,0.233333333,0,1.066666667,0.6,0.533333333,0.8,1.6,1.033333333,0,0,0.066666667,0.133333333,0,0,0,0,0,0,0,0.033333333,0,0,0.166666667,0,0.033333333,0,0,0,0,0.366666667,0.566666667,0.066666667,1,0.1,0.3,0.166666667,0.033333333,0.2,0.1,0
D299,4.633333333,4.753333333,0.2,0,0.166666667,0,0,0,0.066666667,0.133333333,0.2,0,0,0,0.133333333,0.533333333,0,0,0,0,0,0.2,0.9,0.566666667,1,0.333333333,0,0,0.266666667,0.2,0.166666667,0,0.3,0.233333333,0.066666667,0,0,0.466666667,0.166666667,0.133333333,0,0.4,0.066666667,0,0.1,0,0.033333333,0,0,0.4,0,0,0
D313,5.07,5.26,0.8,0.433333333,0.033333333,0.166666667,0,0.066666667,0.1,0,1.2,0.7,0.566666667,0.7,0.433333333,0.733333333,0,0.033333333,0,0,0,0,0,0,0.066666667,0.366666667,0,0.5,0.133333333,0,0,0,0,0,0,0,0,0.333333333,0,0,0,0,0,0.233333333,0,0,0.233333333,0,0.133333333,0.166666667,0.466666667,0.533333333,0.266666667
D323,4.103333333,4.13,0.366666667,0,0,0,0.133333333,0.1,0,0.133333333,0.133333333,0,0.2,0,0.1,0.2,0.133333333,0.133333333,0.133333333,0.066666667,0.133333333,0.233333333,0.1,0.2,0.133333333,0,0,0,0,0.1,0.166666667,0.233333333,0.1,0.1,0.166666667,0.166666667,0,0.466666667,0.2,0.266666667,0,0.5,0.366666667,0.1,0,0.1,0,0,0.433333333,0.4,0.3,0,0
D355,6.43,5.456666667,0.433333333,0.2,0.966666667,0.266666667,0.1,0.1,0.333333333,0.066666667,0.266666667,0.233333333,0.033333333,0.1,0,0.533333333,0,0,1.5,0.1,0.133333333,0.9,0.133333333,0.333333333,0.1,0.3,0,0,0,0.1,0,0.2,0,0,0.533333333,0,0,0.066666667,0,0,0,0,0.133333333,0.066666667,0,0.466666667,0.433333333,0.266666667,0.066666667,0.333333333,0.1,0.3,0
D491,5.44,5.053333333,0.666666667,0.6,0.166666667,0,0.133333333,0,0.066666667,0.1,0.233333333,0,0.1,0,0,0.166666667,0,0,0,0,0,0.1,0.666666667,0.266666667,0.7,1.1,0.166666667,0.333333333,0.066666667,0.133333333,0.233333333,0.1,0.333333333,0.366666667,0.333333333,0.233333333,0.3,0.266666667,0.066666667,0.133333333,0,0.6,0,0,0,0.066666667,0,0,0.1,0.133333333,0,0,0
D519,2.703333333,4.716666667,0.033333333,0.133333333,0.066666667,0,0,0.066666667,0.066666667,0,0.1,0,0,0,0,0.233333333,0,0,0,0,0,0.233333333,0.533333333,0,0.466666667,0.066666667,0.066666667,0,0.166666667,0.1,0.166666667,0,0.233333333,0.133333333,0,0,0.166666667,0.333333333,0.033333333,0.066666667,0,0.033333333,0.133333333,0,0,0,0,0.066666667,0,0,0.1,0,0
D564,4.736666667,4.973333333,0.366666667,0,0.166666667,0,0.2,0,0.333333333,0,0.533333333,0.166666667,0.566666667,0.266666667,0.133333333,0.866666667,0.066666667,0.233333333,0.1,0.033333333,0,0.366666667,0.233333333,0.1,0.233333333,0.1,0,0.2,0.066666667,0.133333333,0,0.366666667,0,0,0.1,0,0,0.066666667,0.166666667,0.133333333,0,0.5,0.066666667,0.1,0,0.266666667,0.2,0.066666667,0.066666667,0.8,0.166666667,0,0
D716,3.486666667,4.596666667,0.433333333,0,0.066666667,0.066666667,0.133333333,0,0,0,0.133333333,0,0.1,0,0,0.266666667,0.033333333,0.066666667,0.166666667,0,0,0.466666667,0.566666667,0.533333333,0.2,0.166666667,0,0.2,0.333333333,0.266666667,0.1,0.033333333,0,0.266666667,0.066666667,0.066666667,0.233333333,0.1,0.1,0.133333333,0,0.2,0.033333333,0,0,0,0.1,0,0,0.1,0,0,0
D762,5.84,4.946666667,0.133333333,0,0.166666667,0.066666667,0.566666667,0.433333333,0.233333333,0.1,0.1,0,0,0,0,0.766666667,0.466666667,0.733333333,0.866666667,1.033333333,0.566666667,0.2,0.133333333,0.2,0.066666667,0.333333333,0,0.033333333,0,0,0,0,0,0.066666667,0.066666667,0.3,0.066666667,0.133333333,0.133333333,0,0.066666667,0,0.633333333,0,0,0.466666667,0.1,0,0.166666667,0.033333333,0.2,0.1,0
D806,3.91,4.88,0,0,0.133333333,0,0,0,0,0,0,0,0.166666667,0,0,0.333333333,0,0.2,0.033333333,0,0.1,0.766666667,0.266666667,0.866666667,0.6,0.433333333,0.166666667,0.166666667,0.133333333,0.4,0.333333333,0,0.066666667,0.166666667,0.7,0.1,0,0.233333333,0.033333333,0,0,0.333333333,0.133333333,0,0,0.066666667,0,0,0,0,0,0,0
D879,7.1,5.143333333,2.066666667,1.866666667,0.266666667,0.066666667,0,0,0.1,0.233333333,0.3,0.4,0.266666667,0.066666667,0,0.666666667,0,0,0,0,0,0.766666667,0.6,0,0.666666667,0.633333333,0,0.5,0,0.133333333,0,0,0.1,0.233333333,0,0.1,0.133333333,0.466666667,0.133333333,0,0,0.233333333,0,0,0,0.1,0,0.066666667,0.233333333,0.033333333,0.066666667,0.033333333,0
G046,5.890625,4.959375,0.09375,0.0625,0.09375,0,0.03125,0,0.25,0.09375,0.03125,0,0.0625,0,0,0.15625,0,0.125,0,0,0,0.875,2.25,0,1.1875,0.03125,0.125,0.15625,0,0.15625,0,0.03125,0.03125,0,0,0.1875,0,0.65625,0.125,0,0,0.09375,0.125,0.4375,0,0.0625,0.09375,0.0625,0.28125,0.40625,0,0,0
G152,2.421875,5.809375,0.25,0.09375,0,0.03125,0.09375,0,0.0625,0.09375,0.6875,0.1875,0.1875,0.46875,0.0625,0.6875,0,0.0625,0,0,0,0,0,0.1875,0,0,0,0,0.125,0.09375,0.03125,0.03125,0.03125,0,0,0.03125,0,0.21875,0.09375,0,0,0.03125,0,0.125,0,0,0,0.15625,0.15625,0.0625,0,0,0
G231,3.590625,5.74375,1.21875,2.8125,0,0,0.0625,0,0,0,0.0625,0,0.03125,0,0,0.46875,0,0,0.03125,0,0,0.46875,0.25,0.125,0.0625,0.25,0,0.03125,0,0.125,0,0.09375,0,0,0.125,0.1875,0,0.03125,0,0,0,0,0,0,0,0,0,0,0,0,0,0.25,0.0625
G248,2.43125,5.034375,0.40625,0.375,0,0,0,0.1875,0.15625,0,0.375,0,0,0,0,0.78125,0.125,0.09375,0.09375,0,0,0,0.25,0,0,0.03125,0,0,0,0,0,0.15625,0.0625,0.125,0.0625,0.03125,0,0.28125,0,0,0.15625,0.1875,0,0.03125,0.09375,0,0.03125,0.03125,0,0.03125,0,0,0
G427,4.765625,4.00625,0.28125,0.03125,0.0625,0,0.1875,0,0,0,0.1875,0,0,0,0,0.09375,0,0,0,0.09375,0,0.4375,0.46875,0.4375,0.25,0.53125,0,0,0.25,0.0625,0.40625,0.28125,0.6875,0.3125,0.5,0.1875,0.3125,0.4375,0,0.125,0.0625,1,0,0,0.0625,0,0,0.0625,0,0,0,0,0
G444,6.2625,7.365625,0.0625,0,0.25,3.875,0.375,0.125,0.125,0.21875,0.3125,0,0,0.0625,0,1,0.15625,0,0,0,0,0,0,0,0,0,0,0,0,0,0,0,0,0,0,0,0,0.0625,0.125,0,0,0,0.09375,0,0,0.625,1.03125,0.0625,0,0.1875,0,0,0
G452,6.215625,6.315625,1.46875,2.375,0.34375,0.09375,0.1875,0,0.5,0,0.5625,0.4375,0.1875,0,0,0.8125,0,0.03125,0,0,0,0,0,0,0,0,0.03125,0.25,0,0,0,0,0,0,0,0,0,0.34375,0,0,0,0,0.15625,0.1875,0,0,0.25,0,0.09375,0.0625,0.09375,0.53125,0
G523,3.875,3.946875,0.34375,0.125,0.1875,0,0.375,0.125,0.15625,0.125,0.3125,0.3125,0,0,0,0.59375,0.0625,0,0,0,0.09375,0,0.0625,0.03125,0,0.0625,0,0,0,0.09375,0.15625,0.46875,0.5,0.09375,0.09375,0,0,0.5,0,0.09375,0.65625,0.5625,0,0,0.15625,0,0,0.09375,0,0.3125,0.125,0.0625,0
G616,3.89375,4.259375,0.375,0.21875,0.125,0,0.125,0.125,0.03125,0.0625,0,0,0.0625,0,0,0.1875,0.0625,0,0,0,0.0625,0,0,0,0,0.09375,0,0.03125,0,0.15625,0,0,0.0625,0.125,0.0625,0.125,0.09375,1.0625,0,0,0.1875,0.34375,0.40625,0.375,0.21875,0.09375,0.09375,0.09375,0.21875,0,0.125,0,0.125
G757,6.06875,4.9625,0,0,0.46875,1.21875,0.25,0.15625,0.5,0.1875,0.1875,0,0.09375,0.15625,0,0.5,0.125,0,0.15625,0,0.03125,0,0,0.03125,0,0.0625,0.125,0,0,0,0.0625,0.15625,0.09375,0,0,0.0625,0,0.84375,0.28125,0.09375,0.125,0.1875,0.09375,0.375,0,0.90625,0.875,0.09375,0.25,0.4375,0.0625,0.125,0.0625
G804,4.896875,6.309375,1.1875,2.90625,0.34375,0.125,0.3125,0.09375,0.15625,0,0.6875,0.0625,0.28125,0.21875,0,0.3125,0.0625,0,0,0,0.0625,0,0.03125,0.09375,0.03125,0.09375,0,0,0,0.15625,0,0,0,0,0.09375,0,0,0.03125,0,0,0,0.0625,0,0,0,0.0625,0.09375,0,0.125,0.09375,0.125,0.125,0.0625
G827,2.703125,5.25625,0.78125,0.625,0.09375,0,0.15625,0,0,0.0625,0.5,0,0.125,0,0,0.34375,0,0,0,0,0.0625,0.0625,0.03125,0,0.03125,0.15625,0.15625,0.03125,0.09375,0,0,0.125,0,0.0625,0,0.28125,0.15625,0.28125,0,0,0,0.03125,0,0,0,0.0625,0,0,0,0,0.03125,0,0
G911,2.34375,4.93125,0.46875,0.3125,0.0625,0,0,0.0625,0,0,0,0.0625,0,0.1875,0,0.6875,0,0,0.03125,0,0,0,0.15625,0.125,0.15625,0.125,0,0,0.03125,0,0.0625,0.0625,0,0.15625,0.28125,0.25,0.09375,0.53125,0.125,0,0,0.15625,0,0,0,0,0,0.15625,0,0.09375,0.09375,0.125,0
H092,3.633333333,4.27,0,0.166666667,0.133333333,0.033333333,0.1,0.033333333,0,0,0,0,0,0,0,0,0,0,0.1,0,0.566666667,0.2,0.133333333,0,0,0.133333333,0,0.066666667,0,0.2,0.2,0.1,0.433333333,0.166666667,1.133333333,0.166666667,0.1,0.633333333,0.133333333,0,0,0,0.433333333,0.066666667,0.066666667,0.1,0,0.133333333,0.066666667,0.033333333,0.266666667,0.066666667,0
H127,4.326666667,4.966666667,0.2,0.1,0.233333333,0.066666667,0.1,0.166666667,0.6,0.266666667,0.166666667,0.333333333,0.233333333,0,0.066666667,0.266666667,0,0,0.066666667,0,0.233333333,0.033333333,0,0,0,0.6,0.033333333,0.333333333,0,0.166666667,0,0.066666667,0,0,0.033333333,0,0,0.266666667,0.3,0,0,0,0.366666667,0.033333333,0,0,0.2,0,0.333333333,0.033333333,0.466666667,0.633333333,0.2
H175,6.463333333,5.246666667,0.133333333,0,0,0.166666667,0.133333333,0,0.5,0,1.8,0.566666667,0.633333333,0.866666667,0.566666667,2.133333333,0.1,0.2,0,0,0,0,0,0,0,0,0,0,0.2,0,0.033333333,0.133333333,0,0.133333333,0,0,0,0,0.033333333,0,0.333333333,0.2,0,0.066666667,0.2,0.166666667,0.3,0.233333333,0,0.5,0.1,0.066666667,0
H446,4.493333333,3.996666667,0.066666667,0,0,0,0.066666667,0,0,0,0.5,0.133333333,0,0.366666667,0.066666667,0.7,0.2,0,0.066666667,0.166666667,0.1,0,0.066666667,0,0,0,0,0,0.233333333,0.133333333,0.166666667,0.866666667,0.666666667,0.266666667,0.133333333,0.166666667,0,0.233333333,0.166666667,0,0.8,0.033333333,0.233333333,0.133333333,0.166666667,0.066666667,0.066666667,0.1,0.066666667,0,0.166666667,0.066666667,0.066666667
H488,4.24,4.343333333,0.033333333,0.033333333,0.033333333,0,0.033333333,0,0,0,0,0,0,0,0,0.1,0,0,0.166666667,0.5,0.666666667,0.5,0.5,0.3,0.266666667,0.233333333,0,0,0,0,0,0.033333333,0.4,0.633333333,0.966666667,0.3,0.033333333,0.4,0.3,0.133333333,0,0.233333333,0.533333333,0.1,0.066666667,0,0,0,0,0,0.166666667,0,0
H644,4.78,4.136666667,0.166666667,0,0.133333333,0.1,0.233333333,0.066666667,0,0.166666667,0,0.033333333,0,0,0,0.366666667,0.266666667,0.066666667,0.266666667,0.3,0.9,0.266666667,0.266666667,0.166666667,0.266666667,0.2,0,0,0,0,0,0.1,0.133333333,0,0,0,0,0.2,0.166666667,0.133333333,0,0.133333333,0.533333333,0.1,0,0.166666667,0,0.133333333,0.2,0,0.3,0.166666667,0
H714,6.64,5.403333333,0.533333333,0.233333333,0.2,0.066666667,0.233333333,0.166666667,2.266666667,0.566666667,0.266666667,0.2,0.133333333,0,0,1.066666667,0.2,0,0,0,0,0.133333333,0,0,0.166666667,0,0,0,0.066666667,0,0,0.066666667,0.1,0.1,0,0.166666667,0,0.4,0.066666667,0.033333333,0.066666667,0,0.1,0.333333333,0.166666667,0,0,0,0.333333333,0.1,0.1,0,0.066666667
H878,7.46,2.72,0,0,0,0,0,0,0,0,0,0,0,0,0,0,0,0,0.133333333,0.133333333,0.066666667,0.533333333,0.133333333,0.3,0.233333333,0.133333333,0,0,0,0.433333333,0.366666667,0.066666667,0.2,1.7,2.233333333,0.1,0.1,0.233333333,0.1,0,0.566666667,1.833333333,0.1,0,0,0,0,0.366666667,0.233333333,0,0,0,0
I199,5.59,6.893333333,0.233333333,0,0.133333333,0,0,0,0.8,0.4,1.833333333,0.666666667,0.833333333,0.5,0.433333333,2.166666667,0.066666667,0.133333333,0.033333333,0,0,0,0,0,0.1,0.1,0.066666667,0.233333333,0,0,0,0,0,0,0,0,0,0.133333333,0,0,0,0,0,0.066666667,0,0,0.2,0.1,0,0.166666667,0,0,0
I405,6.43,3.75,0.1,0.033333333,0,0.366666667,0.2,0.066666667,0,0.066666667,0.133333333,0,0,0,0,0.2,0,0,0.2,0.1,0.233333333,0.666666667,0.233333333,0.6,0.266666667,0,0,0.166666667,0.133333333,0.166666667,0,0.133333333,0.133333333,0.2,0.433333333,0,0.133333333,0.9,0.166666667,0.6,0.233333333,0.666666667,0.166666667,0.5,0,0.433333333,0.366666667,0.3,0,0.333333333,0.5,0.1,0
I421,6.65,2.62,0,0,0.066666667,0,0.2,0,0,0.2,0.1,0,0,0,0,0.133333333,0,0,0,0,0,0.033333333,0.1,0,0.1,0.1,0,0.333333333,0.566666667,0,0.833333333,1.166666667,0.933333333,0.7,0,0.2,0,1.1,0.2,0,0.533333333,0.433333333,0.3,0.366666667,0.533333333,0,0.1,0.1,0.033333333,0,0.166666667,0,0
I463,3.983333333,5.406666667,0.233333333,0.133333333,0.8,0.066666667,1,0.266666667,0.266666667,0.166666667,0,0.033333333,0.033333333,0.133333333,0,0.566666667,0,0,0.166666667,0,0.066666667,0.066666667,0.233333333,0.033333333,0.1,0,0.1,0,0,0,0,0.066666667,0,0.166666667,0,0,0,0.366666667,0.1,0,0,0,0,0.033333333,0,0.566666667,0.066666667,0,0.066666667,0.2,0.333333333,0.066666667,0
I666,6.12,3.223333333,0,0,0,0,0,0,0.233333333,0,0.1,0,0,0,0.133333333,0.233333333,0,0,0.1,0.066666667,0,0,0.066666667,0.166666667,0.066666667,0.133333333,0,0.766666667,0.233333333,0,0.9,0.766666667,0.9,0,0,0.333333333,0,1.2,0.5,0,0.033333333,0.2,0.133333333,0.533333333,0.333333333,0.033333333,0,0.1,0,0.033333333,0.5,0,0.033333333
I714,4.836666667,6.103333333,0.666666667,0.1,0.166666667,0,0.1,0,0.166666667,0,1.366666667,0,0.133333333,0.3,0,1.333333333,0.233333333,0.1,0.066666667,0,0,0.2,0.266666667,0,0.6,0.3,0.1,0.233333333,0.2,0,0,0,0.133333333,0.433333333,0,0,0,0.2,0.033333333,0,0,0.4,0,0,0,0,0.033333333,0.133333333,0,0,0,0,0
I769,6.323333333,5.373333333,0,0,0,0.633333333,0.366666667,0.6,0.6,0.1,0.5,0,0,0.166666667,0,0.966666667,0.066666667,0,0,0.1,0.133333333,0.2,0.133333333,0,0,0,0.1,0.133333333,0.1,0,0,0.066666667,0,0,0,0,0,0.833333333,0.266666667,0,0,0.066666667,0.666666667,0.633333333,0.2,0.666666667,0.366666667,0,0.4,0.3,0.4,0.066666667,0