stimulus,components,molecule,dilution,Intensity,Pleasantness,Green,Cucumber,Herbal,Mint,Woody,Pine,Floral,Powdery,Fruity,Citrus,Tropical,Berry,Peach,Sweet,Caramellic,Vanilla,BrownSpice,Smoky,Burnt,Roasted,Grainy,Meaty,Nutty,Fatty,Coconut,Waxy,Dairy,Buttery,Cheesy,Sour,Fermented,Sulfurous,Garlic.Onion,Earthy,Mushroom,Musty,Ammonia,Fishy,Fecal,Rotten.Decay,Rubber,Phenolic,Animal,Medicinal,Cooling,Sharp,Chlorine,Alcoholic,Plastic,Ozone,Metallic,NoOdor
A014,Refer to TASK1_Stimulus_definition.csv,5363388,0.01,6.329411765,6.5,0.852941176,0.323529412,0.147058824,0.088235294,0.294117647,0,0,0.294117647,1.764705882,0.323529412,1.441176471,1.029411765,1.117647059,1.294117647,0.058823529,0,0,0,0.235294118,0,0.058823529,0,0,0.088235294,0.088235294,0,0,0,0,0.117647059,0,0,0.029411765,0,0,0.176470588,0,0.205882353,0,0,0,0.117647059,0,0.205882353,0.176470588,0.029411765,0,0.205882353,0.058823529,0.088235294,0,NA
A192,Refer to TASK1_Stimulus_definition.csv,32594,1e-04,3.882352941,5.067647059,0.5,0.323529412,0.176470588,0,0.235294118,0.117647059,0,0.058823529,0.411764706,0.029411765,0.088235294,0.147058824,0,0.588235294,0.117647059,0.176470588,0,0.029411765,0,0.088235294,0.176470588,0.058823529,0.235294118,0.235294118,0,0.235294118,0.088235294,0.205882353,0.088235294,0.058823529,0.382352941,0.176470588,0.029411765,0.176470588,0,0.264705882,0.205882353,0,0.088235294,0.058823529,0,0.029411765,0,0.117647059,0.176470588,0.117647059,0,0.117647059,0,0,0,NA
A351,Refer to TASK1_Stimulus_definition.csv,31265,1e-04,3.144117647,5.391176471,0.147058824,0.117647059,0,0.088235294,0,0,0.323529412,0,1.176470588,0.147058824,0.676470588,0.382352941,0.117647059,1.441176471,0.205882353,0,0.088235294,0,0.029411765,0.088235294,0,0.088235294,0,0.117647059,0,0,0.029411765,0.176470588,0.058823529,0.088235294,0.029411765,0.088235294,0,0.058823529,0,0.176470588,0,0,0,0.088235294,0.147058824,0,0,0.058823529,0.058823529,0,0,0.176470588,0.029411765,0,0,NA
A557,Refer to TASK1_Stimulus_definition.csv,3314,0.005,5.064705882,5.823529412,0.117647059,0,0.588235294,0.117647059,1.176470588,0.294117647,0.117647059,0.117647059,0.058823529,0,0.176470588,0.176470588,0,0.411764706,0.117647059,0.088235294,2.470588235,0.794117647,0.088235294,0,0.088235294,0,0.088235294,0,0,0,0,0,0,0,0.029411765,0.058823529,0,0.205882353,0,0.441176471,0.029411765,0,0.117647059,0,0,0,0,0.176470588,0,0,0,0.029411765,0,0.088235294,0,NA
A800,Refer to TASK1_Stimulus_definition.csv,6561,5e-04,3.432352941,5.017647059,0.205882353,0,0.029411765,0,0,0,0.176470588,0.029411765,0.970588235,0,0.205882353,0.264705882,0.058823529,1.617647059,0.058823529,0.235294118,0,0,0.029411765,0.117647059,0.088235294,0.147058824,0.147058824,0.323529412,0.147058824,0,0.411764706,0.352941176,0,0.058823529,0.294117647,0,0,0,0.029411765,0.147058824,0,0,0,0.235294118,0,0.029411765,0,0.029411765,0,0.058823529,0.029411765,0.058823529,0,0,0,NA
A825,Refer to TASK1_Stimulus_definition.csv,7410,0.1,7.476470588,4.632352941,0,0,0.147058824,0,0.058823529,0.088235294,0.5,0.323529412,0.176470588,0,0.264705882,0.176470588,0,0.558823529,0,0.058823529,0,0.117647059,0.176470588,0.205882353,0,0,0.352941176,0.147058824,0.088235294,0.205882353,0.117647059,0,0,0.147058824,0,0.058823529,0,0.117647059,0,0.588235294,0.558823529,0,0,0,0.735294118,0.705882353,0,0.676470588,0.264705882,0.617647059,0.676470588,0.323529412,1,0.323529412,0,NA
A829,Refer to TASK1_Stimulus_definition.csv,31265,0.1,7.085294118,6.552941176,0.235294118,0,0,0.117647059,0.088235294,0,0,0.147058824,2,0.294117647,2.088235294,0.617647059,0.588235294,1.647058824,0,0.029411765,0,0,0,0,0.176470588,0,0,0,0.205882353,0.029411765,0,0,0,0.088235294,0,0,0,0,0,0.176470588,0.058823529,0.088235294,0,0,0,0,0,0.294117647,0.382352941,0.117647059,0,0.588235294,0,0.029411765,0,NA
A841,Refer to TASK1_Stimulus_definition.csv,7410,0.001,5.370588235,5.038235294,0.147058824,0,0.117647059,0,0.117647059,0.088235294,0.588235294,0.411764706,0.411764706,0.088235294,0,0.764705882,0,0.794117647,0,0,0,0,0,0.088235294,0.176470588,0,0.088235294,0.235294118,0.088235294,0.117647059,0.117647059,0.029411765,0.117647059,0.235294118,0,0,0,0,0,0.411764706,0.264705882,0,0,0,0.352941176,0.441176471,0.029411765,0.323529412,0.117647059,0.323529412,0.558823529,0.117647059,0.529411765,0.235294118,0.235294118,NA
A945,Refer to TASK1_Stimulus_definition.csv,5363388,0.001,5.3,6.611764706,0.441176471,0.323529412,0.029411765,0,0,0,0.088235294,0,1.735294118,0.117647059,2,0.558823529,0.823529412,1.558823529,0.088235294,0.117647059,0,0,0,0,0,0.058823529,0.088235294,0,0,0,0.058823529,0.029411765,0,0.205882353,0,0,0.088235294,0,0,0.088235294,0,0,0,0.147058824,0,0,0,0.058823529,0.205882353,0,0.058823529,0.176470588,0,0.029411765,0,NA
A978,Refer to TASK1_Stimulus_definition.csv,3314,0.2,6.941176471,6.502941176,0.088235294,0,0.558823529,0.176470588,0.705882353,0.617647059,0.441176471,0.058823529,0.147058824,0.176470588,0.058823529,0,0,0.617647059,0,0.323529412,2.705882353,0.264705882,0,0.205882353,0,0.088235294,0.058823529,0,0,0.088235294,0,0,0,0.088235294,0.117647059,0.088235294,0,0.235294118,0.117647059,0.117647059,0.029411765,0,0,0,0.147058824,0.088235294,0,0.617647059,0.147058824,0,0,0.058823529,0,0.088235294,0,NA
B017,Refer to TASK1_Stimulus_definition.csv,8129,0.05,5.120588235,4.867647059,0.558823529,0.352941176,0.676470588,0,0.176470588,0.176470588,0.852941176,0.382352941,0.352941176,0.941176471,0.323529412,0.088235294,0,0.382352941,0,0,0.058823529,0,0,0,0.117647059,0.088235294,0.117647059,0.264705882,0,0.147058824,0,0.088235294,0,0.147058824,0,0,0.058823529,0.088235294,0,0.352941176,0.441176471,0,0,0,0,0,0,0.470588235,0.205882353,0.058823529,0.264705882,0.147058824,0,0.205882353,0,NA
B137,Refer to TASK1_Stimulus_definition.csv,439570,0.005,5.738235294,7.076470588,0.382352941,0,0.441176471,3.264705882,0.294117647,0.029411765,0,0.382352941,0.529411765,0,0,0.117647059,0,1.029411765,0.088235294,0.088235294,0,0,0,0,0,0,0,0.176470588,0,0,0,0,0,0,0,0,0,0,0,0.088235294,0.088235294,0.147058824,0,0,0,0.117647059,0,0.352941176,1.117647059,0.088235294,0,0,0.088235294,0,0,NA
B381,Refer to TASK1_Stimulus_definition.csv,5281168,0.001,4.726470588,5.670588235,0.411764706,0,0,0,0.205882353,0.088235294,0.235294118,0.176470588,1.382352941,0.147058824,0.705882353,0.205882353,0.205882353,1.088235294,0,0.235294118,0.029411765,0,0,0.117647059,0.117647059,0.088235294,0.294117647,0.176470588,0.029411765,0.352941176,0.058823529,0.117647059,0,0.088235294,0,0.205882353,0,0.176470588,0.088235294,0.352941176,0,0,0.058823529,0.088235294,0,0,0,0.058823529,0.058823529,0.058823529,0.058823529,0.264705882,0,0.117647059,0,NA
B505,Refer to TASK1_Stimulus_definition.csv,10882,1e-04,4.488235294,5.123529412,0.147058824,0,0.029411765,0.029411765,0,0,0.058823529,0.147058824,1.441176471,0,0.617647059,0.588235294,0.117647059,1.205882353,0.058823529,0.176470588,0,0.088235294,0,0.264705882,0.117647059,0.558823529,0,0.147058824,0,0.058823529,0.029411765,0,0.088235294,0.029411765,0.176470588,0.411764706,0.441176471,0,0.058823529,0.205882353,0,0,0.088235294,0.352941176,0,0,0.117647059,0,0.088235294,0,0,0.205882353,0,0.058823529,0,NA
B518,Refer to TASK1_Stimulus_definition.csv,8060,0.3,8.002941176,1.602941176,0.029411765,0.029411765,0.029411765,0,0,0,0,0,0,0,0,0,0,0,0,0,0,0,0.088235294,0.117647059,0,0.088235294,0,0.117647059,0,0,0,0.176470588,0.147058824,0.352941176,0.176470588,0.411764706,1.323529412,0.176470588,0.176470588,0.411764706,1.676470588,2.382352941,0.264705882,1.176470588,0,0.205882353,0.205882353,0.088235294,0,0.617647059,0.382352941,0.294117647,0.117647059,0.117647059,0,NA
B556,Refer to TASK1_Stimulus_definition.csv,8129,1,6.611764706,5.638235294,1.117647059,0.5,0.558823529,0.323529412,0.058823529,0.352941176,0.5,0.294117647,0.088235294,1.235294118,0.117647059,0.088235294,0,0.411764706,0,0,0,0,0,0,0,0,0,0.352941176,0,0.117647059,0,0,0,0.058823529,0,0,0,0,0,0.470588235,0.5,0,0,0,0.058823529,0.323529412,0,0.588235294,0.676470588,0.294117647,0.764705882,0.176470588,0.088235294,0.529411765,0,NA
B666,Refer to TASK1_Stimulus_definition.csv,31272,0.1,6.641176471,6.561764706,0.029411765,0,0,0.235294118,0.147058824,0,0.117647059,0.147058824,1.794117647,0.235294118,1.470588235,1,0.529411765,1.735294118,0.294117647,0.088235294,0,0,0,0,0,0,0.029411765,0.058823529,0,0,0.058823529,0,0,0,0,0.117647059,0,0,0,0.147058824,0.323529412,0,0,0.029411765,0,0.647058824,0,0.441176471,0.235294118,0.117647059,0.058823529,1.058823529,0.117647059,0.088235294,0.088235294,NA
B739,Refer to TASK1_Stimulus_definition.csv,8034,0.1,6.817647059,5.997058824,0.117647059,0,0.205882353,0.294117647,0.205882353,0.235294118,0.352941176,0.411764706,1.441176471,0.235294118,1.205882353,0.5,0.205882353,2.029411765,0.294117647,0.294117647,0,0.029411765,0,0,0,0,0.088235294,0.176470588,0.058823529,0,0,0,0,0.029411765,0,0,0.029411765,0.088235294,0,0.352941176,0.205882353,0,0,0,0.117647059,0.323529412,0,0.823529412,0.588235294,0.264705882,0.088235294,0.529411765,0.088235294,0.058823529,0.058823529,NA
B971,Refer to TASK1_Stimulus_definition.csv,798,0.2,6.267647059,3.758823529,0,0,0,0,0.205882353,0.058823529,0,0.088235294,0.117647059,0,0.058823529,0.088235294,0.058823529,0.205882353,0.029411765,0,0.117647059,0.058823529,0.029411765,0.117647059,0.235294118,0,0.117647059,0.294117647,0,0.088235294,0,0,0.058823529,0,0,0.235294118,0.147058824,0.117647059,0.029411765,1.147058824,0.205882353,0.029411765,0.147058824,0.058823529,0.647058824,1.176470588,0.294117647,0.411764706,0.117647059,0,0.147058824,0,0.647058824,0.294117647,0,NA
C094,Refer to TASK1_Stimulus_definition.csv,61918,0.005,5.49,5.373333333,0.133333333,0,0.1,0,0.166666667,0,0,0.066666667,0.133333333,0,0,0,0,0.033333333,0,0,0,0.1,0.3,1.2,2.3,0,2.3,0.266666667,0,0,0,0.266666667,0,0,0,0.1,0.066666667,0.633333333,0,0.766666667,0,0,0,0,0.033333333,0.066666667,0.033333333,0.3,0.133333333,0.233333333,0.133333333,0.1,0,0,0,NA
C209,Refer to TASK1_Stimulus_definition.csv,14514,0.01,5.046666667,5.16,0.266666667,0.033333333,0.133333333,0.033333333,0,0.166666667,0.166666667,0.033333333,0.666666667,0.3,0.033333333,0.566666667,0.066666667,0.566666667,0.133333333,0,0,0,0.066666667,0.166666667,0.1,0.1,0.166666667,0.366666667,0,0.3,0.633333333,0.233333333,0.133333333,0.4,0.2,0.1,0.233333333,0.366666667,0,0.666666667,0,0,0.066666667,0,0.1,0.266666667,0,0.133333333,0.033333333,0.133333333,0.066666667,0.466666667,0.333333333,0.266666667,0.066666667,NA
C211,Refer to TASK1_Stimulus_definition.csv,12297,0.007,5.796666667,3.45,0.233333333,0.1,0,0,0.033333333,0.1,0.266666667,0,0.266666667,0,0,0,0,0.066666667,0,0,0,0.033333333,0,0,0,0.166666667,0.233333333,0.333333333,0,0.1,0,0,0.1,0,0,0.1,0.2,0.166666667,0,0.766666667,0.366666667,0.733333333,0.3,0.466666667,0,0.333333333,0.566666667,0.6,0,0.033333333,0.1,0.033333333,0.2,0,0,NA
C312,Refer to TASK1_Stimulus_definition.csv,8051,5e-04,4.173333333,5.54,0.566666667,0.066666667,0.166666667,0.033333333,0.266666667,0.233333333,0.033333333,0.066666667,1.1,0,0.5,0.533333333,0,1,0.266666667,0.1,0,0,0,0,0.2,0,0,0.233333333,0.266666667,0.066666667,0.1,0,0.066666667,0,0,0.3,0.033333333,0.366666667,0,0.133333333,0,0,0,0.066666667,0,0.166666667,0,0.133333333,0.166666667,0.1,0,0.433333333,0,0.033333333,0,NA
C489,Refer to TASK1_Stimulus_definition.csv,5365027,0.001,4.446666667,4.59,0.5,0.4,0.066666667,0,0.166666667,0.033333333,0.033333333,0.166666667,0.033333333,0.033333333,0,0.1,0,0.166666667,0,0,0.033333333,0,0,0.066666667,0.4,0,0.1,0.266666667,0,0.166666667,0,0,0,0,0,0,0,0.233333333,0.2,0.9,0,0,0,0.1,0.533333333,0.333333333,0,0,0,0,0.066666667,0,0.3,0.3,0.166666667,NA
C682,Refer to TASK1_Stimulus_definition.csv,8051,0.3,7.23,5.866666667,0.266666667,0,0.5,0.333333333,0.166666667,0.2,0.233333333,0.133333333,2.2,0.866666667,1,0.833333333,0.266666667,2.166666667,0.5,0.366666667,0.033333333,0.033333333,0,0.033333333,0,0,0.1,0.1,0.1,0.466666667,0.033333333,0,0,0,0,0,0,0,0,0.133333333,0.2,0,0,0,0,0.2,0,0.833333333,0.933333333,0.133333333,0.066666667,0.133333333,0.066666667,0.066666667,0,NA
C698,Refer to TASK1_Stimulus_definition.csv,10890,0.005,5.256666667,5.276666667,0.366666667,0,0.133333333,0.133333333,0.133333333,0.1,0.066666667,0,1.533333333,0.366666667,0.6,0.4,0.2,1.7,0,0,0,0.033333333,0.066666667,0,0,0.133333333,0,0.366666667,0,0.266666667,0.166666667,0.033333333,0.666666667,0.133333333,0.133333333,0,0,0.166666667,0.033333333,0.066666667,0,0.1,0.066666667,0.333333333,0,0.1,0.133333333,0,0.1,0,0,0.3,0.1,0,0,NA
C744,Refer to TASK1_Stimulus_definition.csv,6920,0.008,5.386666667,4.003333333,0.3,0.066666667,0.166666667,0,0.233333333,0.1,0.166666667,0.066666667,0,0,0,0,0,0.3,0,0,0,0,0.066666667,0.3,0.533333333,0,0.1,0,0,0.066666667,0,0,0.033333333,0.1,0.166666667,0,0.033333333,0.2,0.2,0.8,0.1,0.066666667,0,0.066666667,0.733333333,0.6,0,0.533333333,0.166666667,0.133333333,0.666666667,0.233333333,0.666666667,0.166666667,0,NA
C761,Refer to TASK1_Stimulus_definition.csv,4133,0.2,6.793333333,6.633333333,0.166666667,0,1.033333333,2.366666667,0.033333333,0,0,0.033333333,0.066666667,0,0,0,0,0.866666667,0,0.1,0.4,0.033333333,0,0,0,0,0,0,0,0,0,0,0,0,0,0,0,0,0,0,0,0,0,0.1,0.3,0.3,0,1.366666667,1.433333333,0.3,0.033333333,0.333333333,0.3,0,0,NA
C807,Refer to TASK1_Stimulus_definition.csv,4133,0.001,4.726666667,5.996666667,0,0,0.633333333,1.633333333,0.033333333,0.366666667,0.266666667,0.333333333,0.466666667,0,0.066666667,0.133333333,0.066666667,0.7,0,0,0,0,0,0,0,0,0.133333333,0,0,0,0,0,0,0,0,0.1,0,0.066666667,0.1,0.166666667,0.1,0,0,0,0,0,0,1.4,0.733333333,0.033333333,0.066666667,0.3,0.033333333,0.1,0,NA
C830,Refer to TASK1_Stimulus_definition.csv,10890,0.2,6.73,5.256666667,0.233333333,0.033333333,0.133333333,0.033333333,0.166666667,0,0.133333333,0.066666667,2.066666667,0.366666667,1.433333333,1.2,0.466666667,1.8,0.066666667,0.066666667,0,0,0,0,0,0,0,0,0.1,0.1,0,0,0,0,0.133333333,0,0,0,0,0.166666667,0,0,0.066666667,0.166666667,0.066666667,0.133333333,0,0.366666667,0.166666667,0.033333333,0.366666667,0.866666667,0.066666667,0.1,0.066666667,NA
C852,Refer to TASK1_Stimulus_definition.csv,6920,0.3,6.886666667,3.93,0.133333333,0.066666667,0.3,0,0.066666667,0.266666667,0.366666667,0,0.166666667,0,0,0,0,0.266666667,0,0,0.066666667,0.266666667,0.333333333,0.533333333,0,0.5,0.7,0.066666667,0.133333333,0.2,0,0,0.066666667,0.166666667,0.166666667,0.4,1,0.166666667,0.3,0.933333333,0.1,0.133333333,0.1,0.133333333,0.4,0.4,0,0.733333333,0.1,0.3,0.533333333,0.233333333,0.366666667,0.3,0,NA
C890,Refer to TASK1_Stimulus_definition.csv,12297,0.2,7.443333333,2.53,0.133333333,0,0.066666667,0,0,0.066666667,0,0.033333333,0.1,0.133333333,0.1,0.233333333,0,0,0,0,0,0.066666667,0,0.1,0,0.4,0,0.266666667,0,0.266666667,0.066666667,0,0.3,0.366666667,0.266666667,0.866666667,0,0.266666667,0.1,0.7,1.166666667,0.933333333,0,0.8,0,0.5,0.8,0.3,0.4,0.566666667,0.166666667,0.566666667,0.066666667,0.066666667,0,NA
C891,Refer to TASK1_Stimulus_definition.csv,14514,0.45,6.33,4.626666667,0.166666667,0.1,0.6,0,0.333333333,0.2,0.166666667,0,0.4,0,0.233333333,0.466666667,0.1,0.666666667,0.4,0.2,0.2,0,0.3,0.066666667,0,0,0.133333333,0.066666667,0,0,0,0.033333333,0,0.166666667,0.166666667,0.066666667,0,0.333333333,0,0.933333333,0.333333333,0,0,0,0.266666667,0.766666667,0.066666667,0.166666667,0.2,0.4,0.1,0.5,0.466666667,0.133333333,0,NA
C921,Refer to TASK1_Stimulus_definition.csv,5365027,0.3,6.276666667,5.23,1.766666667,1.8,0.6,0.1,0.466666667,0.266666667,0.433333333,0,0.133333333,0.5,0.166666667,0,0,0.166666667,0,0,0,0,0,0,0.066666667,0,0,0.133333333,0,0.233333333,0,0,0,0,0,0,0,0.2,0.1,0.466666667,0.2,0.133333333,0,0,0.233333333,0.066666667,0,0.2,0.233333333,0.133333333,0.266666667,0.033333333,0.166666667,0.533333333,0,NA
D201,Refer to TASK1_Stimulus_definition.csv,460,1,6.816666667,5.243333333,0.133333333,0,0.166666667,0,0.766666667,0.166666667,0.333333333,0.266666667,0.433333333,0,0,0.233333333,0,1.066666667,0.6,0.533333333,0.8,1.6,1.033333333,0,0,0.066666667,0.133333333,0,0,0,0,0,0,0,0.033333333,0,0,0.166666667,0,0.033333333,0,0,0,0,0.366666667,0.566666667,0.066666667,1,0.1,0.3,0.166666667,0.033333333,0.2,0.1,0,NA
D491,Refer to TASK1_Stimulus_definition.csv,5362814,5e-04,5.44,5.053333333,0.666666667,0.6,0.166666667,0,0.133333333,0,0.066666667,0.1,0.233333333,0,0.1,0,0,0.166666667,0,0,0,0,0,0.1,0.666666667,0.266666667,0.7,1.1,0.166666667,0.333333333,0.066666667,0.133333333,0.233333333,0.1,0.333333333,0.366666667,0.333333333,0.233333333,0.3,0.266666667,0.066666667,0.133333333,0,0.6,0,0,0,0.066666667,0,0,0.1,0.133333333,0,0,0,NA
D519,Refer to TASK1_Stimulus_definition.csv,7583,0.001,2.703333333,4.716666667,0.033333333,0.133333333,0.066666667,0,0,0.066666667,0.066666667,0,0.1,0,0,0,0,0.233333333,0,0,0,0,0,0.233333333,0.533333333,0,0.466666667,0.066666667,0.066666667,0,0.166666667,0.1,0.166666667,0,0.233333333,0.133333333,0,0,0.166666667,0.333333333,0.033333333,0.066666667,0,0.033333333,0.133333333,0,0,0,0,0.066666667,0,0,0.1,0,0,NA
D716,Refer to TASK1_Stimulus_definition.csv,12748,1e-04,3.486666667,4.596666667,0.433333333,0,0.066666667,0.066666667,0.133333333,0,0,0,0.133333333,0,0.1,0,0,0.266666667,0.033333333,0.066666667,0.166666667,0,0,0.466666667,0.566666667,0.533333333,0.2,0.166666667,0,0.2,0.333333333,0.266666667,0.1,0.033333333,0,0.266666667,0.066666667,0.066666667,0.233333333,0.1,0.1,0.133333333,0,0.2,0.033333333,0,0,0,0.1,0,0,0.1,0,0,0,NA
D762,Refer to TASK1_Stimulus_definition.csv,460,0.01,5.84,4.946666667,0.133333333,0,0.166666667,0.066666667,0.566666667,0.433333333,0.233333333,0.1,0.1,0,0,0,0,0.766666667,0.466666667,0.733333333,0.866666667,1.033333333,0.566666667,0.2,0.133333333,0.2,0.066666667,0.333333333,0,0.033333333,0,0,0,0,0,0.066666667,0.066666667,0.3,0.066666667,0.133333333,0.133333333,0,0.066666667,0,0.633333333,0,0,0.466666667,0.1,0,0.166666667,0.033333333,0.2,0.1,0,NA
D806,Refer to TASK1_Stimulus_definition.csv,7969,1e-04,3.91,4.88,0,0,0.133333333,0,0,0,0,0,0,0,0.166666667,0,0,0.333333333,0,0.2,0.033333333,0,0.1,0.766666667,0.266666667,0.866666667,0.6,0.433333333,0.166666667,0.166666667,0.133333333,0.4,0.333333333,0,0.066666667,0.166666667,0.7,0.1,0,0.233333333,0.033333333,0,0,0.333333333,0.133333333,0,0,0.066666667,0,0,0,0,0,0,0,NA
D879,Refer to TASK1_Stimulus_definition.csv,5362814,0.1,7.1,5.143333333,2.066666667,1.866666667,0.266666667,0.066666667,0,0,0.1,0.233333333,0.3,0.4,0.266666667,0.066666667,0,0.666666667,0,0,0,0,0,0.766666667,0.6,0,0.666666667,0.633333333,0,0.5,0,0.133333333,0,0,0.1,0.233333333,0,0.1,0.133333333,0.466666667,0.133333333,0,0,0.233333333,0,0,0,0.1,0,0.066666667,0.233333333,0.033333333,0.066666667,0.033333333,0,NA
G046,Refer to TASK1_Stimulus_definition.csv,14286,0.1,5.890625,4.959375,0.09375,0.0625,0.09375,0,0.03125,0,0.25,0.09375,0.03125,0,0.0625,0,0,0.15625,0,0.125,0,0,0,0.875,2.25,0,1.1875,0.03125,0.125,0.15625,0,0.15625,0,0.03125,0.03125,0,0,0.1875,0,0.65625,0.125,0,0,0.09375,0.125,0.4375,0,0.0625,0.09375,0.0625,0.28125,0.40625,0,0,0,NA
G231,Refer to TASK1_Stimulus_definition.csv,643731,1e-05,3.590625,5.74375,1.21875,2.8125,0,0,0.0625,0,0,0,0.0625,0,0.03125,0,0,0.46875,0,0,0.03125,0,0,0.46875,0.25,0.125,0.0625,0.25,0,0.03125,0,0.125,0,0.09375,0,0,0.125,0.1875,0,0.03125,0,0,0,0,0,0,0,0,0,0,0,0,0,0.25,0.0625,NA
G444,Refer to TASK1_Stimulus_definition.csv,439570,0.4,6.2625,7.365625,0.0625,0,0.25,3.875,0.375,0.125,0.125,0.21875,0.3125,0,0,0.0625,0,1,0.15625,0,0,0,0,0,0,0,0,0,0,0,0,0,0,0,0,0,0,0,0,0.0625,0.125,0,0,0,0.09375,0,0,0.625,1.03125,0.0625,0,0.1875,0,0,0,NA
G452,Refer to TASK1_Stimulus_definition.csv,5362720,0.04,6.215625,6.315625,1.46875,2.375,0.34375,0.09375,0.1875,0,0.5,0,0.5625,0.4375,0.1875,0,0,0.8125,0,0.03125,0,0,0,0,0,0,0,0,0.03125,0.25,0,0,0,0,0,0,0,0,0,0.34375,0,0,0,0,0.15625,0.1875,0,0,0.25,0,0.09375,0.0625,0.09375,0.53125,0,NA
G616,Refer to TASK1_Stimulus_definition.csv,798,0.001,3.89375,4.259375,0.375,0.21875,0.125,0,0.125,0.125,0.03125,0.0625,0,0,0.0625,0,0,0.1875,0.0625,0,0,0,0.0625,0,0,0,0,0.09375,0,0.03125,0,0.15625,0,0,0.0625,0.125,0.0625,0.125,0.09375,1.0625,0,0,0.1875,0.34375,0.40625,0.375,0.21875,0.09375,0.09375,0.09375,0.21875,0,0.125,0,0.125,NA
G757,Refer to TASK1_Stimulus_definition.csv,7150,0.01,6.06875,4.9625,0,0,0.46875,1.21875,0.25,0.15625,0.5,0.1875,0.1875,0,0.09375,0.15625,0,0.5,0.125,0,0.15625,0,0.03125,0,0,0.03125,0,0.0625,0.125,0,0,0,0.0625,0.15625,0.09375,0,0,0.0625,0,0.84375,0.28125,0.09375,0.125,0.1875,0.09375,0.375,0,0.90625,0.875,0.09375,0.25,0.4375,0.0625,0.125,0.0625,NA
G804,Refer to TASK1_Stimulus_definition.csv,5362720,8e-04,4.896875,6.309375,1.1875,2.90625,0.34375,0.125,0.3125,0.09375,0.15625,0,0.6875,0.0625,0.28125,0.21875,0,0.3125,0.0625,0,0,0,0.0625,0,0.03125,0.09375,0.03125,0.09375,0,0,0,0.15625,0,0,0,0,0.09375,0,0,0.03125,0,0,0,0.0625,0,0,0,0.0625,0.09375,0,0.125,0.09375,0.125,0.125,0.0625,NA
G827,Refer to TASK1_Stimulus_definition.csv,7150,1e-04,2.703125,5.25625,0.78125,0.625,0.09375,0,0.15625,0,0,0.0625,0.5,0,0.125,0,0,0.34375,0,0,0,0,0.0625,0.0625,0.03125,0,0.03125,0.15625,0.15625,0.03125,0.09375,0,0,0.125,0,0.0625,0,0.28125,0.15625,0.28125,0,0,0,0.03125,0,0,0,0.0625,0,0,0,0,0.03125,0,0,NA
G911,Refer to TASK1_Stimulus_definition.csv,7916,1e-04,2.34375,4.93125,0.46875,0.3125,0.0625,0,0,0.0625,0,0,0,0.0625,0,0.1875,0,0.6875,0,0,0.03125,0,0,0,0.15625,0.125,0.15625,0.125,0,0,0.03125,0,0.0625,0.0625,0,0.15625,0.28125,0.25,0.09375,0.53125,0.125,0,0,0.15625,0,0,0,0,0,0.15625,0,0.09375,0.09375,0.125,0,NA
I199,Refer to TASK1_Stimulus_definition.csv,8093,0.005,5.59,6.893333333,0.233333333,0,0.133333333,0,0,0,0.8,0.4,1.833333333,0.666666667,0.833333333,0.5,0.433333333,2.166666667,0.066666667,0.133333333,0.033333333,0,0,0,0,0,0.1,0.1,0.066666667,0.233333333,0,0,0,0,0,0,0,0,0,0.133333333,0,0,0,0,0,0.066666667,0,0,0.2,0.1,0,0.166666667,0,0,0,NA
I421,Refer to TASK1_Stimulus_definition.csv,5282707,1,6.65,2.62,0,0,0.066666667,0,0.2,0,0,0.2,0.1,0,0,0,0,0.133333333,0,0,0,0,0,0.033333333,0.1,0,0.1,0.1,0,0.333333333,0.566666667,0,0.833333333,1.166666667,0.933333333,0.7,0,0.2,0,1.1,0.2,0,0.533333333,0.433333333,0.3,0.366666667,0.533333333,0,0.1,0.1,0.033333333,0,0.166666667,0,0,NA
166,121,16590,0.001,6.82605042,5.643697479,0.050314465,0.050314465,0.081761006,0,0.006289308,0,0,0.006289308,0,0,0,0.018867925,0,0,0,0,0.006289308,0.100628931,0.106918239,0.295597484,0.018867925,0.396226415,0.037735849,0.157232704,0,0.006289308,0.025157233,0.075471698,0.295597484,0.188679245,0.421383648,0.245283019,4.150943396,0.056603774,0.251572327,0.06918239,0.012578616,0.018867925,0.012578616,0.100628931,0.163522013,0.018867925,0.018867925,0,0,0.144654088,0.031446541,0,0,0.037735849,0.050314465,0
199,441,7921,1,4.62605042,5.241176471,0.062893082,0.025157233,0.182389937,0.018867925,0.176100629,0.125786164,0.094339623,0.056603774,0.081761006,0.031446541,0.044025157,0.044025157,0.056603774,0.48427673,0.597484277,0.333333333,0.308176101,0.037735849,0.264150943,0.144654088,0.176100629,0.081761006,0.245283019,0.106918239,0.65408805,0.226415094,0.037735849,0.050314465,0.031446541,0.088050314,0.213836478,0.125786164,0.062893082,0.025157233,0.006289308,0.270440252,0.358490566,0.018867925,0,0,0.075471698,0.20754717,0.037735849,0.182389937,0.056603774,0.113207547,0.075471698,0.339622642,0.339622642,0.06918239,0.031446541,0
204,344,7127,0.2,5.191596639,5.094117647,0.748427673,0.182389937,0.547169811,0.081761006,0.635220126,0.327044025,0.396226415,0.056603774,0.037735849,0.075471698,0.044025157,0.031446541,0.031446541,0.106918239,0,0,0.125786164,0.044025157,0.100628931,0.012578616,0.044025157,0,0.050314465,0.025157233,0.012578616,0.044025157,0,0,0,0.037735849,0.088050314,0.031446541,0,0.389937107,0.100628931,0.836477987,0.106918239,0,0,0.075471698,0.188679245,0.427672956,0.050314465,0.477987421,0.226415094,0.132075472,0.257861635,0.232704403,0.194968553,0.503144654,0.176100629,0
423,155,2724126,0.1,7.683193277,4.98487395,0.088050314,0.031446541,0.232704403,0.383647799,0.025157233,0.314465409,0.012578616,0.044025157,0.037735849,0.075471698,0.044025157,0.012578616,0.025157233,0.100628931,0,0.012578616,0.037735849,0.031446541,0.018867925,0,0,0.012578616,0,0.044025157,0,0.012578616,0,0,0.037735849,0.025157233,0.062893082,0.06918239,0.025157233,0.075471698,0.018867925,0.132075472,0.427672956,0.144654088,0.050314465,0.176100629,0.018867925,0.163522013,0.037735849,2.867924528,1.842767296,0.433962264,0.245283019,0.377358491,0.088050314,0.13836478,0.06918239,0
588,526,91497,1,4.191596639,6.023529412,0.144654088,0.050314465,0.176100629,0.006289308,0.232704403,0.125786164,1.27672956,1.226415094,0.06918239,0.075471698,0.088050314,0.06918239,0.062893082,0.51572327,0.056603774,0.125786164,0,0.006289308,0.018867925,0,0,0.025157233,0.031446541,0.044025157,0.100628931,0.13836478,0.100628931,0,0.050314465,0.113207547,0.044025157,0.018867925,0,0.113207547,0,0.339622642,0.094339623,0,0,0,0.056603774,0.119496855,0.025157233,0.13836478,0.081761006,0.050314465,0.119496855,0.113207547,0.094339623,0.408805031,0.094339623,0
628,321,6549,0.1,6.421848739,6.095798319,0.748427673,0.144654088,0.735849057,0.308176101,0.182389937,0.647798742,0.710691824,0.119496855,0.528301887,0.962264151,0.182389937,0.220125786,0.094339623,0.503144654,0.025157233,0.031446541,0.194968553,0.025157233,0.037735849,0,0,0,0.012578616,0,0,0.037735849,0.025157233,0,0,0.125786164,0.012578616,0.025157233,0,0.006289308,0,0.13836478,0.264150943,0.012578616,0,0.018867925,0.044025157,0.106918239,0,0.440251572,0.396226415,0.163522013,0.188679245,0.13836478,0.06918239,0.270440252,0.006289308,0
715,388,76322,0.1,6.844537815,5.669747899,0.037735849,0,0.358490566,0.471698113,0.144654088,0.245283019,0.081761006,0.044025157,0.075471698,0.050314465,0.094339623,0.157232704,0.044025157,0.188679245,0.075471698,0,0.012578616,0,0.018867925,0,0.012578616,0,0,0,0,0.088050314,0,0,0,0.037735849,0.037735849,0.018867925,0,0.031446541,0,0.062893082,0.194968553,0,0,0.012578616,0.144654088,0.440251572,0.031446541,2.477987421,1.849056604,0.264150943,0.226415094,0.371069182,0.446540881,0.226415094,0.062893082,0
788,61,114533,0.1,6.648739496,5.276470588,0.245283019,0.06918239,0.257861635,0.163522013,0.050314465,0.320754717,0.471698113,0.088050314,1.100628931,0.194968553,0.748427673,0.27672956,0.34591195,0.735849057,0.006289308,0.044025157,0.125786164,0.018867925,0.018867925,0,0,0,0,0,0.075471698,0.144654088,0,0,0,0.044025157,0.018867925,0,0,0,0,0.176100629,0.194968553,0,0.031446541,0,0.220125786,0.496855346,0,0.893081761,0.51572327,0.113207547,0.364779874,0.176100629,0.270440252,0.232704403,0.044025157,0
909,493,83623,0.001,4.621008403,3.863865546,0.081761006,0.037735849,0.062893082,0,0,0,0.006289308,0.037735849,0.025157233,0.006289308,0,0,0.006289308,0.119496855,0.081761006,0.031446541,0.018867925,0.113207547,0.06918239,0.226415094,0.025157233,0.433962264,0.113207547,0.364779874,0.025157233,0.088050314,0.144654088,0.477987421,0.610062893,0.27672956,0.421383648,0.503144654,1.088050314,0.06918239,0.201257862,0.220125786,0.075471698,0.220125786,0.106918239,0.761006289,0.044025157,0,0.113207547,0,0,0.062893082,0.012578616,0,0,0.06918239,0.037735849,0
937,97,12813,1,6.271428571,5.520168067,0.339622642,0.119496855,0.094339623,0.056603774,0.220125786,0.169811321,0.471698113,0.088050314,0.48427673,0.176100629,0.490566038,0.106918239,1,0.547169811,0.13836478,0.194968553,0.012578616,0.018867925,0,0.037735849,0.132075472,0,0.251572327,0.364779874,0.490566038,0.962264151,0.27672956,0.314465409,0.081761006,0.025157233,0.018867925,0.012578616,0.050314465,0.088050314,0.132075472,0.182389937,0.044025157,0,0,0,0.062893082,0.062893082,0.037735849,0.025157233,0.044025157,0.012578616,0.113207547,0.037735849,0.220125786,0.157232704,0.100628931,0
992,339,6989,0.2,6.230833333,4.745,0.25625,0.03125,0.85625,0.1875,0.375,0.1875,0.0375,0.04375,0.00625,0.00625,0.01875,0,0,0.03125,0.0125,0.04375,0.03125,0.23125,0.23125,0.075,0.00625,0.05625,0.01875,0,0,0.06875,0,0,0.00625,0.01875,0.025,0.11875,0.0375,0.15625,0.1125,0.31875,0.2125,0,0,0.0125,1.25625,0.7375,0.05625,0.9625,0.55625,0.08125,0.18125,0.18125,0.5,0.31875,0.08125,0
A072,502,8454,0.1,8.373529412,1.623529412,0,0,0,0,0.088235294,0,0.058823529,0.058823529,0,0,0,0,0,0,0,0,0,0,0.147058824,0.264705882,0.411764706,0,0,0,0,0,0.029411765,0,0,0.176470588,0.117647059,0.529411765,0.058823529,0.264705882,0.235294118,0.588235294,2.705882353,0.882352941,0.235294118,0.529411765,0,0.529411765,0,0,0,0.441176471,0.441176471,0.058823529,0,0.088235294,0.029411765,NA
A117,283,62444,5e-05,4.858823529,4.123529412,0.147058824,0.117647059,0,0,0,0.088235294,0.117647059,0,0.470588235,0,0.235294118,0.176470588,0.235294118,0.470588235,0.029411765,0.205882353,0,0,0,0,0,0.617647059,0,0.411764706,0,0,0.911764706,0.352941176,0.911764706,0.617647059,0.411764706,0.294117647,0.176470588,0,0,0.176470588,0,0.029411765,0.264705882,0.911764706,0,0,0.058823529,0,0.147058824,0,0.058823529,0.117647059,0,0.029411765,0,NA
A204,401,7762,0.001,3.576470588,5.847058824,0.117647059,0,0,0.176470588,0.088235294,0.088235294,0.176470588,0,0.882352941,0.264705882,0.382352941,0.823529412,0,1.588235294,0.529411765,0.264705882,0.117647059,0,0,0,0.058823529,0.058823529,0.088235294,0,0.147058824,0.147058824,0.294117647,0.088235294,0.088235294,0.029411765,0.176470588,0.029411765,0,0,0.147058824,0.147058824,0,0,0,0,0,0,0,0,0,0,0,0.029411765,0,0.117647059,0,NA
A209,72,11747,1e-04,3.626470588,5.608823529,0,0,0,0.058823529,0.058823529,0,0.147058824,0.117647059,1.088235294,0.058823529,0.294117647,0.470588235,0.264705882,0.882352941,0.411764706,0.352941176,0,0,0,0.088235294,0.147058824,0.088235294,0.117647059,0.176470588,0,0.117647059,1,0.617647059,0.352941176,0.058823529,0.176470588,0,0,0.117647059,0,0.147058824,0,0,0,0.029411765,0,0,0,0,0,0,0,0.029411765,0,0,0,NA
A244,76,12180,0.003,4.044117647,4.391176471,0.058823529,0,0,0,0.058823529,0,0.205882353,0,0.676470588,0,0.205882353,0.470588235,0,0.794117647,0.264705882,0.205882353,0.117647059,0,0,0.117647059,0.088235294,0.205882353,0.029411765,0.382352941,0,0.176470588,0.058823529,0.088235294,0.176470588,0.117647059,0.323529412,0.058823529,0.147058824,0,0,0.117647059,0.205882353,0.264705882,0.323529412,0.352941176,0.058823529,0.117647059,0,0,0,0,0,0.058823529,0,0,0,NA
A245,24,10430,0.1,7.008823529,2.479411765,0,0,0,0,0,0,0.117647059,0,0.5,0,0,0,0,0.411764706,0,0,0.058823529,0,0,0,0.176470588,0.294117647,0.088235294,0.411764706,0,0.441176471,0.382352941,0.294117647,1.264705882,0.970588235,0.647058824,0.323529412,0.088235294,0,0.117647059,0.529411765,0.5,0,1.205882353,1.705882353,0,0,0.323529412,0,0.058823529,0.147058824,0,0,0,0,0,NA
A246,273,6184,0.001,4.526470588,5.591176471,0.764705882,0.058823529,0.176470588,0,0,0.264705882,0.235294118,0.117647059,0.852941176,0.294117647,0.176470588,0.058823529,0.058823529,0.529411765,0,0,0,0,0,0.205882353,0.205882353,0.117647059,1.088235294,0.382352941,0,0.294117647,0.205882353,0,0.176470588,0.470588235,0.176470588,0.294117647,0.029411765,0.205882353,0.029411765,0.235294118,0,0,0,0.205882353,0,0,0,0.058823529,0,0,0,0.058823529,0,0,0,NA
A316,170,31260,0.001,3.917647059,5.676470588,0.176470588,0.029411765,0,0,0,0,0.205882353,0.147058824,1.205882353,0.205882353,0.382352941,0.352941176,0,1.647058824,0.294117647,0,0.088235294,0,0,0,0,0.264705882,0.117647059,0.117647059,0.088235294,0,0.264705882,0.205882353,0.176470588,0.088235294,0.205882353,0.088235294,0,0,0,0.058823529,0,0,0,0.323529412,0,0,0,0.176470588,0.058823529,0,0,0.176470588,0.088235294,0.147058824,0,NA
A398,443,7945,0.1,6.685294118,5.952941176,0,0,0,0.088235294,0,0.088235294,0,0.147058824,2.264705882,0.205882353,1.558823529,0.794117647,0.205882353,1.529411765,0.117647059,0,0,0,0,0,0,0,0,0,0.117647059,0.088235294,0.088235294,0.117647059,0.176470588,0.058823529,0.382352941,0,0,0.147058824,0,0.205882353,0.323529412,0,0,0,0,0.117647059,0,0.323529412,0.352941176,0.294117647,0.117647059,0.588235294,0,0.029411765,0,NA
A454,305,638011,0.005,5.423529412,7.073529412,0.294117647,0,0.323529412,0.176470588,0,0.294117647,0.5,0.235294118,0.264705882,2.117647059,0.676470588,0.382352941,0,1.117647059,0.088235294,0.029411765,0,0,0,0.029411765,0,0,0,0,0,0.147058824,0,0.117647059,0,0.382352941,0,0,0,0,0,0.058823529,0,0,0,0,0.029411765,0.117647059,0,0.735294118,0.617647059,0.352941176,0.117647059,0.117647059,0,0.117647059,0,NA
A701,268,61641,0.01,6.605882353,4.070588235,0.117647059,0,0.117647059,0,0,0,0,0,0.088235294,0,0,0,0,0,0.058823529,0,0,0,0.088235294,0.205882353,0,0.294117647,0,0.294117647,0,0,0.235294118,0.294117647,0.617647059,0.529411765,0.764705882,0.852941176,3.176470588,0,0.088235294,0.205882353,0.058823529,0.117647059,0.205882353,0.794117647,0,0,0.058823529,0.117647059,0,0.147058824,0,0.205882353,0.058823529,0.058823529,0.147058824,NA
A866,487,8130,0.1,7.094117647,4.488235294,1.352941176,1.441176471,0.588235294,0.029411765,0.176470588,0.088235294,0.117647059,0,0.117647059,0.117647059,0,0,0,0.176470588,0,0,0,0,0.117647059,0.117647059,0.294117647,0,0.5,1.441176471,0,0.676470588,0,0.029411765,0,0,0,0.147058824,0.088235294,0.147058824,0,0.676470588,0,0,0,0,0.205882353,0,0,0.235294118,0.264705882,0.117647059,0.117647059,0,0.352941176,0.5,0,NA
AF010,59,11251,0.01,3.471875,5.1375,0.125,0.1875,0.21875,0,0.1875,0.09375,0,0.0625,0,0,0,0.0625,0.09375,0.78125,0.1875,0.3125,0.0625,0.1875,0.1875,0.09375,0.6875,0.03125,0.0625,0.03125,0.125,0,0.15625,0.53125,0.125,0.34375,0.28125,0,0,0,0,0,0.03125,0,0,0.03125,0,0,0.0625,0.21875,0.09375,0.09375,0,0.90625,0,0.21875,0,0
AF054,243,5324978,0.3,6.075,2.534375,0.28125,0.0625,0.125,0,0.09375,0.0625,0.1875,0,0.125,0.09375,0.125,0.25,0,0.25,0,0,0,0,0,0,0.15625,0,0.0625,0.21875,0,0,0.0625,0.03125,0.125,0.125,0.25,0.375,0.09375,0.1875,0.75,1.03125,1.40625,1.75,0.15625,0.3125,0.15625,0.34375,0.59375,0.15625,0.0625,0.125,0,0.03125,0,0,0,0
AF123,281,61982,1e-04,2.978125,5.09375,0.71875,0.125,0.3125,0.03125,0.375,0.03125,0.28125,0.0625,0.59375,0.21875,0.09375,0.3125,0.46875,0.40625,0,0,0,0,0,0.0625,0,0,0,0,0,0,0,0,0,0.5,0.28125,0,0.0625,0.28125,0,0.5625,0.0625,0,0,0.28125,0,0,0,0,0.03125,0.1875,0,0.03125,0.0625,0.0625,0,0
AF139,38,10886,0.2,5.115625,5.84375,0.125,0.3125,0.46875,0.40625,0.375,0.125,1.0625,0.1875,1.375,0.40625,0.9375,0.625,0.1875,1.3125,0.09375,0.34375,0.09375,0,0,0,0,0,0,0,0,0.125,0,0,0.03125,0.34375,0.375,0,0,0,0,0.15625,0.03125,0,0,0,0,0.09375,0,0.09375,0.0625,0,0,0.1875,0,0.25,0.0625,0
AF184,83,12206,0.001,3.76875,5.0125,0.03125,0,0.09375,0,0,0,0.03125,0.21875,1.15625,0,0.21875,0.46875,0,0.84375,0.25,0.1875,0.0625,0.125,0,0.25,0.53125,0.09375,0.34375,0,0,0.125,0.125,0.40625,0.71875,0.28125,0.25,0.25,0,0.03125,0,0.25,0,0,0.125,0.46875,0,0,0.0625,0,0,0.03125,0,0.03125,0,0,0,0
AF201,138,21427952,0.001,4.63125,5.325,0.34375,0.5625,0.46875,0.0625,0.40625,0,0.0625,0.6875,0,0,0,0,0,0.46875,0.125,0,0.53125,0.0625,0,0.0625,0.46875,0.0625,0.46875,0.40625,0.09375,0.53125,0,0.15625,0,0,0,0,0,0.59375,0,1.21875,0,0,0,0,0.15625,0.125,0,0,0.15625,0.03125,0.09375,0,0.21875,0.125,0.0625,0
AF333,69,11702,0.1,7.4125,4.878125,0.46875,0.0625,0.375,0.84375,0.1875,0.375,0.1875,0.125,0,0,0,0,0,0.15625,0.0625,0,0,0.09375,0,0,0,0,0.09375,0,0,0,0,0,0,0.0625,0.21875,0.09375,0.0625,0.28125,0,0.6875,0.3125,0.0625,0,0.125,0.1875,0.0625,0.03125,2.90625,1.6875,0.875,0,0.53125,0,0.21875,0.0625,0
AF342,415,7770,0.001,3.540625,4.740625,0.1875,0.0625,0.1875,0,0.0625,0,0.03125,0,0.3125,0,0,0.03125,0,0.5,0,0.0625,0,0,0,0.21875,0.5625,0.1875,0.125,0.1875,0,0.15625,0.4375,0.71875,1.53125,0.375,0.34375,0.125,0.125,0.09375,0.09375,0.28125,0.125,0,0.125,0.3125,0,0,0.125,0,0,0.15625,0,0,0,0,0.03125,0
AF370,388,76322,0.1,6.64375,5.6375,0.46875,0.03125,0.53125,1.40625,0.25,0.25,0,0.03125,0.25,0,0.0625,0.1875,0,0.5625,0.0625,0.15625,0,0,0,0,0,0,0.03125,0,0,0,0,0,0,0,0.0625,0,0,0.0625,0,0.53125,0.15625,0,0,0,0,0,0,2.625,1.4375,0.625,0.28125,0.4375,0.15625,0.25,0.125,0
AF383,345,7144,0.01,5.78125,5.7125,0,0,0.3125,0.03125,0.375,0.03125,0.15625,0.65625,0,0.0625,0,0.09375,0,2.59375,1.21875,2.09375,1.53125,1.25,0.46875,0.25,0,0.09375,0.28125,0,0,0,0,0,0,0,0,0,0,0,0,0.28125,0,0,0,0,0,0.09375,0.03125,0.1875,0.09375,0,0,0.1875,0,0.25,0,0
AF408,360,7222,0.1,5.909375,4.334375,0.21875,0.09375,0.25,0.0625,0.25,0.15625,0.15625,0.25,0.125,0,0.0625,0.125,0,0.28125,0.125,0.1875,0.125,0.4375,0.09375,0,0.1875,0.0625,0.21875,0.0625,0,0,0,0,0.15625,0.15625,0.21875,0.40625,0.125,0.3125,0.28125,0.96875,0.53125,0.09375,0,0.25,1.375,0.53125,0.34375,0.25,0,0.1875,0.28125,0.375,0.625,0.375,0.15625,0
AF445,530,9589,0.2,4.55,5.44375,1.03125,0.25,0.15625,0,0.46875,0,0.0625,0.1875,0.0625,0.125,0,0,0,0.3125,0.125,0.09375,0,0.28125,0.15625,0.75,1.25,0.0625,0.875,0.15625,0.09375,0.09375,0,0,0,0.03125,0,0.125,0.21875,0.46875,0.09375,0.40625,0.03125,0,0,0,0,0.03125,0.0625,0.0625,0.125,0,0.0625,0.15625,0,0,0.03125,0
AF552,433,79104,0.3,6.55625,3.9375,0.03125,0,0.125,0,0.15625,0.0625,0.125,0.0625,0,0,0,0,0,0.1875,0,0,0.125,0,0.1875,0,0,0,0,0,0,0,0,0,0,0.0625,0,0.09375,0,0,0,0.28125,0.40625,0.1875,0,0.15625,0.1875,0.46875,0,0.6875,0.28125,1.25,0.28125,3.3125,0.09375,0.21875,0.09375,0
AF586,432,7909,0.001,2.0125,5.071875,0.28125,0.0625,0.125,0.09375,0.28125,0.125,0.03125,0.09375,0.25,0.03125,0,0.09375,0,0.4375,0,0,0,0,0,0,0.3125,0,0.125,0,0,0,0.09375,0.21875,0,0.0625,0,0.03125,0,0.03125,0,0.09375,0.03125,0,0.125,0,0,0.375,0.0625,0,0.03125,0.09375,0.03125,0.21875,0.3125,0.0625,0,0
AF610,431,78944,0.1,7.096875,4.75625,0.5,0,0.375,2.65625,0.4375,0.15625,0.09375,0,0,0,0.09375,0.09375,0,0.6875,0.25,0.21875,0,0.0625,0.1875,0,0,0,0.03125,0,0.09375,0,0,0,0,0,0,0,0,0,0,0.21875,0.125,0,0,0,0,0.15625,0,0.96875,1.3125,1.375,0.3125,1.21875,0.40625,0.25,0.21875,0
AF612,159,2758778,0.01,5.765625,6.16875,0.40625,0,0.28125,0,0.125,0,0.09375,0,0.09375,0.21875,0,0,0,0.5,0.09375,0,0.09375,0.0625,0.125,2.25,2.15625,0.15625,1.90625,0.375,0,0.03125,0,0.40625,0.21875,0,0.3125,0.25,0.03125,0.0625,0.09375,0.1875,0,0,0,0.125,0.03125,0,0,0,0,0,0,0.0625,0,0.03125,0,0
AF647,60,1140,0.01,1.740625,4.771875,0.1875,0,0.09375,0,0.25,0,0.0625,0.09375,0.21875,0,0,0.15625,0,0.4375,0,0.125,0,0.03125,0.125,0.0625,0.625,0.0625,0.125,0,0.0625,0.0625,0.21875,0.375,0,0.1875,0,0.0625,0.03125,0.0625,0.09375,0.34375,0.0625,0.09375,0.09375,0,0.0625,0.0625,0.25,0.125,0,0,0,0.03125,0.03125,0,0,0
AF719,98,14057,0.01,5.021875,3.271875,0.15625,0,0.09375,0,0.15625,0,0.0625,0,0.40625,0.125,0.15625,0.3125,0.125,0.28125,0.1875,0.03125,0,0,0.09375,0,0,0,0.125,0.09375,0.0625,0,0.53125,0.25,1.25,1.1875,0.71875,0.34375,0,0.25,0,0.21875,0.15625,0.0625,0.84375,0.84375,0.03125,0.0625,0.21875,0,0.03125,0.3125,0,0.28125,0.1875,0,0,0
AF890,527,9261,0.1,4.06875,4.715625,0.0625,0.125,0.09375,0.0625,0.09375,0,0,0.03125,0.0625,0.21875,0.125,0,0,0.78125,0.25,0.4375,0,0.0625,0,0.21875,0.1875,0.28125,0.34375,0.15625,0.375,0,0.5625,0.34375,0.125,0.5,0.59375,0,0.375,0.09375,0.0625,0.0625,0.125,0.40625,0.0625,0.28125,0,0,0.125,0.03125,0.125,0.0625,0.125,0.46875,0,0.03125,0,0
AF899,120,15651,1,5.90625,4.16875,0.65625,0.03125,0.15625,0,0.1875,0,0.34375,0,0.0625,0.28125,0,0.03125,0,0.125,0,0.09375,0,0,0.125,0.4375,1.65625,0,0.53125,0.34375,0,0.03125,0.0625,0.15625,0.03125,0.21875,0,0.3125,0.15625,0.625,0.71875,0.625,0.21875,0.59375,0,0.375,0,0.21875,0.1875,0,0,0.15625,0,0.09375,0,0.03125,0.125,0
AF914,53,11002,7e-04,4.8875,4.53125,1.09375,0.65625,0.46875,0,0.375,0.15625,0.15625,0,0.03125,0.09375,0.0625,0,0,0.0625,0,0,0,0.0625,0,0.03125,0.15625,0,0,0,0,0,0.09375,0.125,0.09375,0.5,0.375,0.3125,1.25,0.1875,0.5,0.1875,0.03125,0.09375,0.0625,0.34375,0.1875,0.03125,0.125,0.03125,0.0625,0.03125,0,0.15625,0,0.03125,0,0
AF925,364,7335,0.1,6.953125,4.13125,0.5625,0.1875,0.875,0.125,0.125,0.4375,1.09375,0.09375,0.84375,0.1875,0.5625,0.21875,0.21875,0.59375,0.0625,0,0,0,0,0.0625,0.0625,0,0,0.03125,0,0.03125,0,0,0,0.375,0.5625,0.625,0.71875,0.09375,0.0625,0.25,0.5625,0.0625,0,0.46875,0.09375,0.3125,0,0.03125,0.125,0.53125,0.0625,0.25,0.09375,0,0.21875,0
AF986,529,93009,0.01,5.465625,5.903125,0.34375,0.125,1.09375,0.65625,1,1.25,0.46875,0.3125,0.375,0.40625,0,0.125,0,0.40625,0,0.28125,0.09375,0,0,0,0,0,0,0,0,0,0,0,0,0,0,0,0,0.21875,0,0.5625,0,0,0,0,0,0.09375,0.09375,1.40625,1.125,0.3125,0,0.5,0.21875,0.09375,0,0
AI029,457,8025,0.05,1.875862069,5.217241379,0.206896552,0,0.206896552,0,0.068965517,0.068965517,0.137931034,0.206896552,0.620689655,0,0.137931034,0.137931034,0,0.482758621,0,0.103448276,0.24137931,0,0.034482759,0,0,0.068965517,0.068965517,0.034482759,0,0,0,0,0,0.137931034,0.103448276,0,0,0,0,0.034482759,0,0,0,0,0,0,0,0,0.034482759,0,0,0.344827586,0.034482759,0,0.103448276,0
AI094,398,7749,0.01,5.410344828,5.210344828,0.172413793,0,0.379310345,0.068965517,0.103448276,0.137931034,0.482758621,0.034482759,1.034482759,0.103448276,0.24137931,0.448275862,0.103448276,1.689655172,0.206896552,0.689655172,0.137931034,0,0,0.068965517,0.275862069,0,0,0.068965517,0.034482759,0.137931034,0.413793103,0,0,0.413793103,0.172413793,0.068965517,0,0,0,0.034482759,0.103448276,0,0,0,0.103448276,0.482758621,0,0.793103448,0.206896552,0.482758621,0.310344828,1.206896552,0.482758621,0.137931034,0.034482759,0
AI292,192,326,0.1,5.593103448,5.482758621,1.172413793,0.344827586,1.482758621,0,0.620689655,0.068965517,0,0.275862069,0.344827586,0.068965517,0,0.034482759,0,0.448275862,0,0,0.413793103,0.103448276,0,0.793103448,0.586206897,0.793103448,0.172413793,0.172413793,0,0,0,0,0,0.586206897,0.551724138,0.379310345,0.551724138,0.862068966,0.103448276,0.482758621,0,0,0,0,0.103448276,0.034482759,0,0.103448276,0.137931034,0.034482759,0.103448276,0.103448276,0.068965517,0.24137931,0.206896552,0
AI610,237,5281515,0.3,4.075,5.789285714,0.928571429,0.071428571,1.535714286,0.178571429,0.642857143,0.714285714,0.178571429,0.285714286,0.5,0.357142857,0,0,0.142857143,0.785714286,0,0.107142857,0.857142857,0,0.071428571,0,0,0.071428571,0,0,0,0,0,0,0,0.285714286,0.392857143,0.071428571,0,0.642857143,0.107142857,0.321428571,0,0,0,0,0,0,0,0.464285714,0.428571429,0,0,0,0.035714286,0.035714286,0.142857143,0
AI614,356,7165,0.01,3.831034483,4.924137931,0.310344828,0,0.655172414,0.068965517,0.448275862,0.482758621,0.379310345,0.172413793,0.655172414,0.206896552,0,0.24137931,0,0.344827586,0,0,0.137931034,0.206896552,0.137931034,0,0.172413793,0,0.24137931,0.068965517,0,0.275862069,0.034482759,0.034482759,0,0.275862069,0.551724138,0.034482759,0,0.103448276,0.310344828,0.965517241,0.103448276,0,0.034482759,0.137931034,0.551724138,0.034482759,0,0.034482759,0.068965517,0.310344828,0,0,0.310344828,0.172413793,0.137931034,0
AI636,441,7921,1,4.782142857,5.917857143,0.285714286,0.107142857,0.285714286,0,0.071428571,0,0.178571429,0,0.5,0,0.285714286,0.214285714,0.285714286,1.821428571,1.535714286,1.071428571,1,0.285714286,0.5,0.321428571,0.142857143,0,0.535714286,0.107142857,1,0.357142857,0.035714286,0.071428571,0,0,0,0,0,0,0,0.071428571,0.107142857,0,0,0,0,0.321428571,0,0.178571429,0.035714286,0.142857143,0,0.321428571,0.071428571,0.071428571,0,0
AI722,391,7654,0.1,4.664285714,5.375,0.178571429,0,0.607142857,0.25,0.107142857,0,1.25,0.178571429,1.178571429,0.178571429,0.857142857,0.571428571,0.107142857,1.071428571,0,0.071428571,0.142857143,0,0,0.035714286,0,0,0,0.071428571,0,0,0.107142857,0,0.178571429,0.535714286,0.928571429,0.142857143,0,0,0.142857143,0.035714286,0,0,0,0.142857143,0,0,0.285714286,0.321428571,0.035714286,0,0,0.428571429,0,0,0,0
AI856,429,7888,0.5,3.353571429,6.217857143,0.214285714,0.035714286,0.321428571,0.107142857,0.071428571,0.035714286,1.678571429,0.321428571,0.785714286,0.464285714,0.5,0.214285714,0.392857143,0.607142857,0.214285714,0.142857143,0.071428571,0,0,0,0.107142857,0,0,0,0.178571429,0.392857143,0,0,0,0.071428571,0.107142857,0,0,0,0,0.071428571,0,0,0,0,0,0,0,0.142857143,0.071428571,0,0.25,0.392857143,0.035714286,0.071428571,0,0
AN132,366,7342,0.1,6.29,4.986666667,0.166666667,0,0.3,0.266666667,0.033333333,0.133333333,0.3,0.1,2.133333333,0.566666667,0.5,1.766666667,0.5,1.5,0.3,0.366666667,0,0,0,0,0,0,0,0,0,0,0,0,0,0.8,0.733333333,0,0,0,0,0.233333333,0.466666667,0,0,0,0.333333333,0.6,0.133333333,0.633333333,0.466666667,1.233333333,0.266666667,1.666666667,0.2,0.4,0.133333333,0
AN759,1,-1,1,6.99,7.72,0.133333333,0,0.033333333,0,0.2,0.666666667,0.4,0,1.3,4.266666667,0.5,0,0,1.933333333,0.2,0.233333333,0,0,0,0,0.166666667,0,0,0,0,0.033333333,0,0,0,0.866666667,0,0,0,0,0,0,0,0,0,0,0,0.033333333,0,0.1,0.1,0.2,0.233333333,0.1,0,0,0.066666667,0
AN874,2,-2,0.1,6.466666667,7.8,0.133333333,0,1.033333333,0.066666667,0.633333333,0.3,0.233333333,0.2,0.5,0.7,0.1,0.133333333,0,2.7,0.7,0.566666667,3.9,0.366666667,0.1,0.1,0.1,0,0.1,0,0.066666667,0.033333333,0,0,0,0,0,0,0,0,0,0,0,0,0,0,0,0,0,0.1,0.166666667,0,0,0.2,0,0,0,0
AN890,97,12813,1,5.6,5.626666667,0.833333333,0.066666667,0.533333333,0.133333333,0.7,0.066666667,1.133333333,0.7,1.3,0.3,0.433333333,0.466666667,0.7,1.333333333,0.233333333,0.333333333,0.066666667,0.066666667,0,0,0.233333333,0,0.2,0.1,0.066666667,1.533333333,0.2,0,0,0.1,0.133333333,0,0.1,0.1,0.066666667,0.233333333,0,0,0,0,0,0,0,0.033333333,0.133333333,0.066666667,0.133333333,0,0.133333333,0.033333333,0,0
AN983,96,12810,1,5.466666667,5.85,0.4,0.166666667,0.5,0.166666667,0.833333333,0.166666667,0.633333333,0.366666667,1,0.166666667,0.233333333,0.333333333,0.466666667,1.333333333,0.4,0.8,0.1,0.2,0,0.166666667,0.3,0,0.233333333,0.433333333,0.866666667,1.9,0.066666667,0.433333333,0,0,0.066666667,0,0,0.233333333,0,0.333333333,0,0,0,0,0,0.033333333,0,0,0.133333333,0,0,0,0.033333333,0,0,0
AO016,423,7793,0.5,5.813333333,6.103333333,1.066666667,0.433333333,0.633333333,0.2,0.433333333,0.766666667,1.9,0.333333333,0.966666667,2.433333333,0.2,0.233333333,0.1,0.766666667,0,0.166666667,0,0.1,0,0,0,0,0.1,0.066666667,0,0,0,0,0,0.266666667,0,0,0,0.1,0,0.166666667,0.2,0,0,0,0,0.3,0,0.166666667,0.4,0.5,0.9,0.066666667,0.233333333,0.6,0.266666667,0
AO915,227,5281167,0.1,6.92,5.836666667,2.933333333,0.666666667,1,0.266666667,0.9,0.4,0.6,0.266666667,0.766666667,0.466666667,0.766666667,0.8,0.466666667,1.266666667,0,0,0,0,0,0,0.066666667,0,0.1,0.033333333,0,0.233333333,0,0,0,0.6,0.066666667,0,0.133333333,0.5,0,0.066666667,0,0,0,0,0,0,0,0.033333333,0.133333333,0.066666667,0.133333333,0.2,0.033333333,0.133333333,0.066666667,0
AP745,259,5368076,0.3,5.54,5.356666667,1.066666667,0.333333333,0.533333333,0.2,0.5,0.3,1.2,0.5,1.633333333,0.366666667,0.533333333,0.933333333,0.433333333,1.7,0,0.133333333,0,0,0.1,0.066666667,0.066666667,0,0.133333333,0.066666667,0,0.533333333,0,0,0,0.066666667,0.066666667,0,0,0.133333333,0.066666667,0.533333333,0.433333333,0,0,0,0.066666667,0,0,0.066666667,0.2,0,0.566666667,0.2,0.433333333,0.766666667,0.233333333,0
AQ145,530,9589,0.2,4.343333333,5.33,0.733333333,0,0.366666667,0,0.3,0,0.4,0.6,1.033333333,0.033333333,0.2,0.266666667,0.133333333,1.866666667,0.533333333,1.066666667,0.133333333,0.133333333,0.2,0.333333333,0.833333333,0,0.2,0,0.033333333,0.1,0.266666667,0.3,0.133333333,0.366666667,0.1,0,0,0.233333333,0,0.5,0.2,0,0,0,0.366666667,0.1,0,0.233333333,0,0,0.033333333,0.233333333,0.2,0.366666667,0.1,0
AQ230,340,700,0.5,7.173333333,2.253333333,0.533333333,0,0.4,0,0.066666667,0.166666667,0.166666667,0.2,0,0,0,0,0,0.1,0,0,0.066666667,0,0,0.033333333,0.033333333,0,0,0,0,0,0,0,0,0.1,0.133333333,0.033333333,0,0.333333333,0,0.7,3.6,0.166666667,0,0.133333333,0.133333333,0.1,0.533333333,0.266666667,0.466666667,2.266666667,0.4,0.3,0,0.466666667,0.133333333,0
AQ376,183,325,0.1,5.073333333,4.933333333,1.3,0.166666667,1.533333333,0,0.466666667,0.333333333,0.233333333,0.2,0.166666667,0,0.1,0.2,0,0.766666667,0.266666667,0.166666667,0.933333333,0.233333333,0.133333333,0.466666667,0.433333333,0.233333333,0.233333333,0.066666667,0,0.066666667,0.066666667,0,0,0.466666667,0.5,0.1,0.533333333,0.633333333,0.3,0.6,0.166666667,0.066666667,0.1,0,0.366666667,0.1,0.1,0.066666667,0,0.666666667,0,0,0.3,0.333333333,0.2,0
AQ473,243,5324978,0.3,6.053333333,3.793333333,0.8,0,0.533333333,0.333333333,0.533333333,0.2,0.433333333,0.366666667,0.166666667,0,0.033333333,0,0,0.8,0.066666667,0.1,0.166666667,0,0.1,0.233333333,0.433333333,0.133333333,0.066666667,0.166666667,0.133333333,0.133333333,0.166666667,0,0,0.133333333,0.3,0,0.1,0.666666667,0.4,1.5,2.1,0.3,0.3,0.466666667,0.066666667,0.133333333,0.733333333,0.066666667,0.066666667,0.633333333,0,0.1,0.133333333,0.2,0,0
AQ615,83,12206,0.001,4.316666667,5.176666667,0.333333333,0,0.166666667,0,0.1,0.033333333,0.433333333,0.266666667,1.866666667,0,0.633333333,0.666666667,0.133333333,1.766666667,0.466666667,0.4,0.1,0,0,0,0.133333333,0,0.266666667,0,0,0,0.2,0.166666667,0.366666667,0.7,0.533333333,0,0,0,0,0,0,0,0.2,0.3,0.2,0.133333333,0.033333333,0.066666667,0.033333333,0.066666667,0,0.366666667,0.133333333,0,0,0
AQ640,38,10886,0.2,5.213333333,4.893333333,1.066666667,0.233333333,0.733333333,0.266666667,0.666666667,0.366666667,1,0.3,1.233333333,0.466666667,0.533333333,0.633333333,0.366666667,1.1,0.266666667,0.366666667,0,0.066666667,0.3,0,0,0.066666667,0,0.066666667,0,0.133333333,0,0,0,0.366666667,0.466666667,0,0.366666667,0.1,0,0.533333333,0.3,0,0,0.066666667,0.366666667,0.2,0.033333333,0.1,0.266666667,0.3,0.466666667,0.1,0.233333333,0.466666667,0.033333333,0
AQ673,385,75634,0.2,4.826666667,4.09,1.266666667,0.1,0.366666667,0,0.066666667,0.166666667,0.533333333,0.3,0.1,0,0,0,0,0.466666667,0.066666667,0,0,0.033333333,0,0.066666667,0,0,0.1,0.266666667,0,0.1,0,0,0,0,0.066666667,0.133333333,0,1.033333333,0.866666667,1.233333333,0.3,0,0,0.366666667,0.033333333,0.233333333,0.133333333,0.233333333,0.033333333,0.133333333,1.4,0,0.266666667,0.6,0,0
AQ692,527,9261,0.1,4.346666667,4.803333333,0.233333333,0.1,0.3,0.233333333,0.433333333,0,0.5,0.4,0.9,0,0.1,0.4,0,1.466666667,0.433333333,0.766666667,0,0,0,0.1,0.266666667,0,0.133333333,0.133333333,0.2,0.033333333,0.5,0.2,0,0.266666667,0.533333333,0,0.2,0.2,0.366666667,0.933333333,0.233333333,0.033333333,0,0.133333333,0,0.066666667,0.066666667,0.133333333,0.1,0,0,0.133333333,0,0.266666667,0,0
AQ736,221,4657,0.3,4.306666667,3.9,0.266666667,0,0.266666667,0,0.3,0,0.3,0.3,0.366666667,0,0.066666667,0.033333333,0.1,0.8,0.333333333,0.233333333,0.166666667,0.033333333,0.2,0,0.133333333,0.033333333,0.1,0.1,0.1,0.033333333,0.1,0.1,0.166666667,0,0.133333333,0.1,0,0.333333333,0.266666667,0.766666667,1.133333333,0.3,0.066666667,0.5,0.333333333,0.133333333,0.266666667,0.066666667,0.066666667,0.833333333,0.166666667,0,0.1,0.266666667,0.3,0
AQ792,432,7909,0.001,4.403333333,5.066666667,1.133333333,0.133333333,0.8,0,0.233333333,0,0.8,0.466666667,1.166666667,0.233333333,0.233333333,0.366666667,0.133333333,1.4,0.166666667,0.1,0.066666667,0,0.033333333,0.033333333,0.233333333,0.1,0,0,0,0,0.133333333,0.1,0,0.233333333,0.533333333,0,0.166666667,0.3,0,0.333333333,0.033333333,0,0,0.2,0.266666667,0,0.133333333,0.066666667,0,0.033333333,0,0.3,0.3,0.266666667,0,0
AQ892,528,92844,0.2,5.453333333,4.906666667,0.133333333,0.066666667,0.233333333,0.266666667,0.2,0,0.633333333,0.133333333,0.7,0.1,0.3,0.366666667,0.133333333,1.5,1.2,0.733333333,0.633333333,0,0,0.3,0.466666667,0.033333333,0.533333333,0.1,0.1,0.3,0.333333333,0.433333333,0.166666667,0.4,0.266666667,0.3,0.2,0.233333333,0.266666667,0.733333333,0.2,0.1,0.066666667,0.366666667,0.3,0,0.2,0.2,0,0.1,0,0.2,0.466666667,0.133333333,0,0
AQ938,129,18635,5e-06,3.246666667,5.31,1.733333333,0.4,0.433333333,0.1,0.266666667,0,0.166666667,0.2,0.6,0.033333333,0.2,0.3,0.1,0.933333333,0.166666667,0.3,0.066666667,0,0.066666667,0.033333333,0.366666667,0,0.133333333,0,0,0.133333333,0.066666667,0.066666667,0,0.1,0.2,0,0,0.533333333,0,0.366666667,0,0,0,0.066666667,0.166666667,0,0,0.066666667,0.1,0,0,0.166666667,0.2,0.1,0,0
B253,122,177,0.001,4.267647059,5.947058824,0.235294118,0.058823529,0.029411765,0,0.058823529,0.147058824,0.147058824,0,1.088235294,0.147058824,0.176470588,0.411764706,0.088235294,0.970588235,0,0.117647059,0,0,0.088235294,0.294117647,0.147058824,0.205882353,0.411764706,0.176470588,0,0.058823529,0.205882353,0.147058824,0.058823529,0.088235294,0.147058824,0.264705882,0,0,0,0.176470588,0.029411765,0,0,0.323529412,0,0.058823529,0,0.117647059,0.147058824,0.117647059,0,0.352941176,0.058823529,0.205882353,0,NA
B546,143,2345,0.2,6.482352941,5.088235294,0.058823529,0,0.323529412,0,0.176470588,0.117647059,0.029411765,0.088235294,1.147058824,0,0.205882353,0.352941176,0,1.205882353,0.323529412,0.235294118,0,0.117647059,0,0.470588235,0.470588235,0.294117647,0.647058824,0.470588235,0,0.176470588,0,0.088235294,0.058823529,0,0.705882353,0,0.117647059,0,0,0,0.323529412,0,0.088235294,0.117647059,0,0.117647059,0,0.058823529,0.058823529,0.205882353,0.029411765,1.117647059,0.088235294,0,0,NA
B623,380,7363,5e-05,3.926470588,4.997058824,0.147058824,0.058823529,0,0,0.058823529,0.058823529,0.029411765,0,0.323529412,0,0,0.058823529,0,0.294117647,0,0.029411765,0.029411765,0,0.411764706,0.352941176,0.176470588,0.352941176,0.235294118,0.264705882,0,0,0.029411765,0.411764706,0.411764706,0,0.176470588,0.352941176,1.441176471,0.088235294,0.176470588,0.176470588,0,0.088235294,0.117647059,0.117647059,0.088235294,0.147058824,0,0,0.029411765,0,0,0,0,0,0,NA
B670,153,240,0.4,7.408823529,6.147058824,0.264705882,0,0.264705882,0.264705882,0.088235294,0.323529412,0.294117647,0.382352941,0.764705882,0.088235294,0.470588235,1.058823529,0.117647059,1.147058824,0,0.088235294,0.411764706,0.058823529,0,0.147058824,0.058823529,0.088235294,0.735294118,0,0.029411765,0,0,0,0,0.029411765,0,0,0,0,0,0.205882353,0.441176471,0,0,0,0.088235294,0.705882353,0,0.529411765,0.382352941,0.470588235,0.147058824,0.441176471,0.264705882,0.088235294,0,NA
B713,241,5318042,0.005,4.705882353,5.514705882,0.470588235,0.029411765,0.058823529,0,0.088235294,0.147058824,0.352941176,0,1.029411765,0.058823529,0.088235294,0.294117647,0.235294118,0.735294118,0,0.176470588,0,0,0,0.294117647,0.117647059,0.470588235,0.235294118,0.558823529,0,0.117647059,0.058823529,0.205882353,0.294117647,0.264705882,0.147058824,0,0.235294118,0.117647059,0,0.147058824,0.029411765,0,0,0.147058824,0.058823529,0.147058824,0.088235294,0,0.147058824,0,0.029411765,0.323529412,0,0,0,NA
B970,27,1049,7e-04,4.323529412,4.729411765,0.117647059,0.058823529,0.117647059,0,0.058823529,0.088235294,0.058823529,0,0.617647059,0,0.441176471,0,0,0.264705882,0,0,0,0,0,0.264705882,0,1.205882353,0.058823529,0.264705882,0,0.088235294,0.235294118,0,0.176470588,0.205882353,0.411764706,0.470588235,0.5,0.147058824,0.117647059,0.470588235,0.058823529,0.441176471,0,1.088235294,0,0,0,0,0,0.029411765,0,0.058823529,0,0.147058824,0,NA
C391,262,61325,0.002,4.456666667,5.656666667,0.166666667,0,0.033333333,0,0.166666667,0,0.066666667,0.133333333,1.2,0,0.233333333,0.366666667,0,0.9,0.666666667,0.233333333,0.3,0.066666667,0.133333333,0.166666667,0,0.033333333,0.1,0,0,0,0.033333333,0.033333333,0,0,0.133333333,0,0.1,0.166666667,0,0.4,0.033333333,0,0,0,0,0,0,0,0,0,0,0.533333333,0.033333333,0.066666667,0,NA
C542,160,31252,0.001,4.14,4.446666667,0.333333333,0,0,0,0.133333333,0,0,0,0.233333333,0.1,0,0,0.133333333,0.366666667,0.1,0.1,0,0.166666667,0,0,0.066666667,0.033333333,0,0.133333333,0,0,0,0.033333333,0.033333333,0,0.233333333,0.066666667,0,0.8,0.1,0.933333333,0.133333333,0,0,0.066666667,0.033333333,0.233333333,0,0.533333333,0,0,0.133333333,0.533333333,0.066666667,0.066666667,0,NA
C622,414,7765,7e-04,3.526666667,4.926666667,0.533333333,0.233333333,0.233333333,0.066666667,0,0,0,0,1,0,0,0.366666667,0,1,0.1,0.066666667,0,0.133333333,0,0.133333333,0,0,0,0,0,0,0.166666667,0,0.033333333,0.166666667,0,0,0.066666667,0,0.066666667,0.233333333,0.133333333,0.066666667,0,0,0.133333333,0.233333333,0,0,0.1,0,0.033333333,0.5,0.033333333,0.033333333,0,NA
C652,12,10400,0.001,3.53,4.946666667,0.233333333,0,0.066666667,0,0,0.1,0.066666667,0,0.333333333,0.133333333,0.033333333,0.1,0,0.366666667,0,0.1,0,0,0,0.1,0,0,0.2,0.133333333,0,0.166666667,0.033333333,0.133333333,0.033333333,0,0.066666667,0.3,0.3,0.033333333,0.1,0.2,0.133333333,0,0,0.066666667,0.233333333,0.266666667,0,0.066666667,0,0,0,0.333333333,0.566666667,0,0,NA
C702,157,27458,0.3,6.916666667,4.156666667,0.766666667,0.066666667,0.266666667,0,0.233333333,0.166666667,0,0.133333333,0,0,0,0,0,0,0,0,0,0.066666667,0.133333333,0.833333333,1.833333333,0.033333333,1.3,0.533333333,0,0.1,0,0,0,0,0,0.066666667,0,0.933333333,0.166666667,1.066666667,0.366666667,0.166666667,0.066666667,0.066666667,0.366666667,0.133333333,0.133333333,0.066666667,0,0.366666667,0.366666667,0.1,0.233333333,0.1,0,NA
C729,271,61809,0.05,6.996666667,3.92,0.2,0,0.066666667,0,0.333333333,0,0,0.066666667,0,0,0,0,0,0.266666667,0.233333333,0.133333333,0.1,0.433333333,0.533333333,0.633333333,0.6,0.433333333,0.9,0.1,0,0.066666667,0.3,0.166666667,0.566666667,0.3,0.466666667,0.5,0.766666667,0,0.033333333,0.433333333,0.066666667,0.233333333,0.066666667,0.366666667,0.466666667,0,0.3,0.133333333,0.1,0.466666667,0.4,0.533333333,0.033333333,0,0,NA
C749,519,8892,0.007,5.133333333,3.066666667,0.133333333,0,0.033333333,0,0.2,0,0,0,0.066666667,0,0,0,0,0.2,0,0,0,0,0,0.1,0.133333333,0.166666667,0.066666667,0.333333333,0,0.233333333,0.6,0.033333333,0.933333333,0.9,0.566666667,0.066666667,0.133333333,0.066666667,0.1,0.566666667,0,0.166666667,0.1,0.966666667,0.1,0.466666667,0.266666667,0.1,0,0.1,0.233333333,0.066666667,0.3,0,0,NA
C887,504,8785,0.003,4.783333333,5.233333333,0.3,0.166666667,0,0.066666667,0.1,0.066666667,0.233333333,0.066666667,1.133333333,0.133333333,0.333333333,0.633333333,0.966666667,1.533333333,0.1,0,0,0,0,0.066666667,0.066666667,0,0,0,0.066666667,0.166666667,0.066666667,0,0,0.133333333,0,0,0,0.133333333,0,0.1,0.066666667,0.1,0,0,0.166666667,0.4,0,0.133333333,0.066666667,0,0.533333333,0.366666667,0.233333333,0,0,NA
C979,266,61527,0.4,7.533333333,3.52,0.2,0.1,0.133333333,0.266666667,0.2,0.366666667,0.233333333,0.033333333,0.133333333,0,0,0.133333333,0.1,0.733333333,0.366666667,0.133333333,0.033333333,0.3,0,0.333333333,0,0.033333333,0.133333333,0.1,0.066666667,0,0,0,0,0.366666667,0.033333333,0.133333333,0.066666667,0.166666667,0.133333333,0.833333333,0.266666667,0,0,0.233333333,0.333333333,0.733333333,0,0.533333333,0.233333333,0.633333333,0.866666667,0,0.566666667,0.233333333,0,NA
D109,325,6560,1,7.11,3.163333333,0,0,0.133333333,0,0,0,0,0,0,0.033333333,0.066666667,0.066666667,0,0,0,0,0,0,0,0,0,0,0,0,0,0,0,0,0,0.4,0.233333333,0,0,0,0,0,1.3,0,0,0.033333333,0.1,0.5,0,1.466666667,0.933333333,0.866666667,0.433333333,2.866666667,0.266666667,0.2,0,NA
D141,483,8118,1e-04,4.223333333,4.843333333,0.1,0,0,0,0,0,0,0.066666667,0,0,0.066666667,0,0,0.4,0,0,0.066666667,0.1,0.166666667,0.4,0.533333333,0.466666667,0.5,0.4,0.1,0.2,0.1,0.3,0.266666667,0.033333333,0.3,0.1,0.766666667,0.133333333,0.166666667,0.3,0.1,0,0,0.4,0,0.033333333,0,0,0,0.1,0,0,0,0,0,NA
D171,287,62465,0.2,6.573333333,6.02,0.133333333,0,0.466666667,0.066666667,0.933333333,0.366666667,0.233333333,0.133333333,0,0,0,0,0,0.9,0.433333333,0.533333333,2.033333333,1.133333333,0.633333333,0.333333333,0.066666667,0.1,0.133333333,0,0,0.266666667,0,0,0,0,0,0,0,0.4,0.166666667,0.466666667,0.033333333,0,0,0,0.3,0,0.033333333,0.466666667,0.1,0,0.1,0,0.133333333,0.066666667,0,NA
D299,67,11552,5e-04,4.633333333,4.753333333,0.2,0,0.166666667,0,0,0,0.066666667,0.133333333,0.2,0,0,0,0.133333333,0.533333333,0,0,0,0,0,0.2,0.9,0.566666667,1,0.333333333,0,0,0.266666667,0.2,0.166666667,0,0.3,0.233333333,0.066666667,0,0,0.466666667,0.166666667,0.133333333,0,0.4,0.066666667,0,0.1,0,0.033333333,0,0,0.4,0,0,0,NA
D313,462,8048,1,5.07,5.26,0.8,0.433333333,0.033333333,0.166666667,0,0.066666667,0.1,0,1.2,0.7,0.566666667,0.7,0.433333333,0.733333333,0,0.033333333,0,0,0,0,0,0,0.066666667,0.366666667,0,0.5,0.133333333,0,0,0,0,0,0,0,0,0.333333333,0,0,0,0,0,0.233333333,0,0,0.233333333,0,0.133333333,0.166666667,0.466666667,0.533333333,0.266666667,NA
D323,341,7047,0.001,4.103333333,4.13,0.366666667,0,0,0,0.133333333,0.1,0,0.133333333,0.133333333,0,0.2,0,0.1,0.2,0.133333333,0.133333333,0.133333333,0.066666667,0.133333333,0.233333333,0.1,0.2,0.133333333,0,0,0,0,0.1,0.166666667,0.233333333,0.1,0.1,0.166666667,0.166666667,0,0.466666667,0.2,0.266666667,0,0.5,0.366666667,0.1,0,0.1,0,0,0.433333333,0.4,0.3,0,0,NA
D564,498,8452,0.01,4.736666667,4.973333333,0.366666667,0,0.166666667,0,0.2,0,0.333333333,0,0.533333333,0.166666667,0.566666667,0.266666667,0.133333333,0.866666667,0.066666667,0.233333333,0.1,0.033333333,0,0.366666667,0.233333333,0.1,0.233333333,0.1,0,0.2,0.066666667,0.133333333,0,0.366666667,0,0,0.1,0,0,0.066666667,0.166666667,0.133333333,0,0.5,0.066666667,0.1,0,0.266666667,0.2,0.066666667,0.066666667,0.8,0.166666667,0,0,NA
E058,140,22201,0.002,4.746666667,6.35,0.233333333,0,0,0,0.466666667,0.2,0,0,0,0,0,0,0,0.4,0.333333333,0.333333333,0.033333333,0.2,0,0.966666667,2,0.333333333,1.966666667,0.266666667,0,0,0.166666667,0.2,0,0,0.033333333,0,0,0.133333333,0,0.266666667,0.033333333,0,0,0.066666667,0,0,0,0,0,0,0,0,0,0,0,NA
E449,296,637511,1e-04,3.26,5.01,0.333333333,0.1,0.233333333,0.1,0.233333333,0,0.1,0,0.266666667,0,0.2,0,0,0.533333333,0.133333333,0.233333333,0.266666667,0.1,0,0.233333333,0.133333333,0.133333333,0.166666667,0,0,0,0.033333333,0,0.133333333,0.5,0.333333333,0.033333333,0,0.1,0,0.133333333,0,0,0,0.433333333,0,0,0,0,0.1,0,0.066666667,0.033333333,0,0.133333333,0,NA
E587,331,6736,5e-05,5.18,3.943333333,0,0,0,0,0.1,0,0,0.7,0.1,0,0,0,0,0.433333333,0,0.333333333,0,0.033333333,0,0,0,0,0.166666667,0,0.066666667,0,0,0,0.033333333,0.033333333,0.233333333,0.066666667,0,0.1,0,1.333333333,0.166666667,0.1,0.4,0.333333333,0.366666667,0.466666667,0.4,0.266666667,0.033333333,0.066666667,0,0,0.3,0.2,0,NA
E804,445,7966,0.004,4.46,4.82,0.2,0,0.066666667,0,0.266666667,0.133333333,0.133333333,0.166666667,0.1,0.166666667,0,0,0,0.433333333,0.066666667,0.133333333,0.166666667,0.066666667,0,0.2,0.033333333,0.166666667,0.033333333,0.066666667,0.033333333,0.033333333,0.166666667,0,0.1,0.3,0,0,0.166666667,0.033333333,0,0.233333333,0.1,0,0.2,0.066666667,0.166666667,0.3,0,0.6,0.366666667,0.133333333,0.3,0.266666667,0.333333333,0,0,NA
E947,218,443162,1,5.943333333,5.706666667,0,0,1.1,0.233333333,0.7,0.8,0.066666667,0.233333333,0.3,0.133333333,0,0,0,0.066666667,0,0.066666667,0.2,0.1,0,0.033333333,0.1,0,0,0,0,0,0,0,0,0,0,0,0,0,0,0.1,0.533333333,0,0,0.133333333,0.133333333,0,0.033333333,1.966666667,1.6,0.166666667,0.166666667,0.1,0.066666667,0.066666667,0.066666667,NA
F080,183,325,0.1,4.527777778,4.7,0.694444444,0.138888889,0.722222222,0,0.25,0.055555556,0.166666667,0.138888889,0.083333333,0.138888889,0,0.027777778,0,0.194444444,0.083333333,0,0.361111111,0,0.055555556,0.472222222,0.194444444,0.027777778,0.166666667,0.166666667,0,0.055555556,0.083333333,0.194444444,0.083333333,0.333333333,0.083333333,0,0.277777778,0.222222222,0.111111111,0.444444444,0.083333333,0.111111111,0,0,0.166666667,0.027777778,0,0.138888889,0.055555556,0.222222222,0.027777778,0,0,0.222222222,0.138888889,NA
F422,117,15037,0.03,5.063888889,4.363888889,0.444444444,0.083333333,0.083333333,0,0.138888889,0.027777778,0.027777778,0,0.111111111,0,0,0,0.055555556,0.138888889,0,0,0.055555556,0.166666667,0.138888889,0.25,0.194444444,0,0.222222222,0.277777778,0,0.055555556,0,0,0.111111111,0.111111111,0.333333333,0.194444444,0.305555556,0.111111111,0.416666667,0.388888889,0.138888889,0.138888889,0.055555556,0.388888889,0.416666667,0.055555556,0.055555556,0.166666667,0.083333333,0.138888889,0.055555556,0.083333333,0.222222222,0.055555556,0.222222222,NA
G427,129,18635,5e-06,4.765625,4.00625,0.28125,0.03125,0.0625,0,0.1875,0,0,0,0.1875,0,0,0,0,0.09375,0,0,0,0.09375,0,0.4375,0.46875,0.4375,0.25,0.53125,0,0,0.25,0.0625,0.40625,0.28125,0.6875,0.3125,0.5,0.1875,0.3125,0.4375,0,0.125,0.0625,1,0,0,0.0625,0,0,0.0625,0,0,0,0,0,NA
G523,288,6276,0.01,3.875,3.946875,0.34375,0.125,0.1875,0,0.375,0.125,0.15625,0.125,0.3125,0.3125,0,0,0,0.59375,0.0625,0,0,0,0.09375,0,0.0625,0.03125,0,0.0625,0,0,0,0.09375,0.15625,0.46875,0.5,0.09375,0.09375,0,0,0.5,0,0.09375,0.65625,0.5625,0,0,0.15625,0,0,0.09375,0,0.3125,0.125,0.0625,0,NA
H092,491,8144,7e-05,3.633333333,4.27,0,0.166666667,0.133333333,0.033333333,0.1,0.033333333,0,0,0,0,0,0,0,0,0,0,0.1,0,0.566666667,0.2,0.133333333,0,0,0.133333333,0,0.066666667,0,0.2,0.2,0.1,0.433333333,0.166666667,1.133333333,0.166666667,0.1,0.633333333,0.133333333,0,0,0,0.433333333,0.066666667,0.066666667,0.1,0,0.133333333,0.066666667,0.033333333,0.266666667,0.066666667,0,NA
H127,416,7792,0.007,4.326666667,4.966666667,0.2,0.1,0.233333333,0.066666667,0.1,0.166666667,0.6,0.266666667,0.166666667,0.333333333,0.233333333,0,0.066666667,0.266666667,0,0,0.066666667,0,0.233333333,0.033333333,0,0,0,0.6,0.033333333,0.333333333,0,0.166666667,0,0.066666667,0,0,0.033333333,0,0,0.266666667,0.3,0,0,0,0.366666667,0.033333333,0,0,0.2,0,0.333333333,0.033333333,0.466666667,0.633333333,0.2,NA
H446,54,11176,0.001,4.493333333,3.996666667,0.066666667,0,0,0,0.066666667,0,0,0,0.5,0.133333333,0,0.366666667,0.066666667,0.7,0.2,0,0.066666667,0.166666667,0.1,0,0.066666667,0,0,0,0,0,0.233333333,0.133333333,0.166666667,0.866666667,0.666666667,0.266666667,0.133333333,0.166666667,0,0.233333333,0.166666667,0,0.8,0.033333333,0.233333333,0.133333333,0.166666667,0.066666667,0.066666667,0.1,0.066666667,0,0.166666667,0.066666667,0.066666667,NA
H488,132,20499,0.001,4.24,4.343333333,0.033333333,0.033333333,0.033333333,0,0.033333333,0,0,0,0,0,0,0,0,0.1,0,0,0.166666667,0.5,0.666666667,0.5,0.5,0.3,0.266666667,0.233333333,0,0,0,0,0,0.033333333,0.4,0.633333333,0.966666667,0.3,0.033333333,0.4,0.3,0.133333333,0,0.233333333,0.533333333,0.1,0.066666667,0,0,0,0,0,0.166666667,0,0,NA
H644,361,7244,0.001,4.78,4.136666667,0.166666667,0,0.133333333,0.1,0.233333333,0.066666667,0,0.166666667,0,0.033333333,0,0,0,0.366666667,0.266666667,0.066666667,0.266666667,0.3,0.9,0.266666667,0.266666667,0.166666667,0.266666667,0.2,0,0,0,0,0,0.1,0.133333333,0,0,0,0,0.2,0.166666667,0.133333333,0,0.133333333,0.533333333,0.1,0,0.166666667,0,0.133333333,0.2,0,0.3,0.166666667,0,NA
H714,348,7146,0.6,6.64,5.403333333,0.533333333,0.233333333,0.2,0.066666667,0.233333333,0.166666667,2.266666667,0.566666667,0.266666667,0.2,0.133333333,0,0,1.066666667,0.2,0,0,0,0,0.133333333,0,0,0.166666667,0,0,0,0.066666667,0,0,0.066666667,0.1,0.1,0,0.166666667,0,0.4,0.066666667,0.033333333,0.066666667,0,0.1,0.333333333,0.166666667,0,0,0,0.333333333,0.1,0.1,0,0.066666667,NA
H878,224,522674,0.1,7.46,2.72,0,0,0,0,0,0,0,0,0,0,0,0,0,0,0,0,0.133333333,0.133333333,0.066666667,0.533333333,0.133333333,0.3,0.233333333,0.133333333,0,0,0,0.433333333,0.366666667,0.066666667,0.2,1.7,2.233333333,0.1,0.1,0.233333333,0.1,0,0.566666667,1.833333333,0.1,0,0,0,0,0.366666667,0.233333333,0,0,0,0,NA
I405,147,23642,0.3,6.43,3.75,0.1,0.033333333,0,0.366666667,0.2,0.066666667,0,0.066666667,0.133333333,0,0,0,0,0.2,0,0,0.2,0.1,0.233333333,0.666666667,0.233333333,0.6,0.266666667,0,0,0.166666667,0.133333333,0.166666667,0,0.133333333,0.133333333,0.2,0.433333333,0,0.133333333,0.9,0.166666667,0.6,0.233333333,0.666666667,0.166666667,0.5,0,0.433333333,0.366666667,0.3,0,0.333333333,0.5,0.1,0,NA
I463,315,6544,0.02,3.983333333,5.406666667,0.233333333,0.133333333,0.8,0.066666667,1,0.266666667,0.266666667,0.166666667,0,0.033333333,0.033333333,0.133333333,0,0.566666667,0,0,0.166666667,0,0.066666667,0.066666667,0.233333333,0.033333333,0.1,0,0.1,0,0,0,0,0.066666667,0,0.166666667,0,0,0,0.366666667,0.1,0,0,0,0,0.033333333,0,0.566666667,0.066666667,0,0.066666667,0.2,0.333333333,0.066666667,0,NA
I666,478,8094,0.4,6.12,3.223333333,0,0,0,0,0,0,0.233333333,0,0.1,0,0,0,0.133333333,0.233333333,0,0,0.1,0.066666667,0,0,0.066666667,0.166666667,0.066666667,0.133333333,0,0.766666667,0.233333333,0,0.9,0.766666667,0.9,0,0,0.333333333,0,1.2,0.5,0,0.033333333,0.2,0.133333333,0.533333333,0.333333333,0.033333333,0,0.1,0,0.033333333,0.5,0,0.033333333,NA
I714,302,637564,0.001,4.836666667,6.103333333,0.666666667,0.1,0.166666667,0,0.1,0,0.166666667,0,1.366666667,0,0.133333333,0.3,0,1.333333333,0.233333333,0.1,0.066666667,0,0,0.2,0.266666667,0,0.6,0.3,0.1,0.233333333,0.2,0,0,0,0.133333333,0.433333333,0,0,0,0.2,0.033333333,0,0,0.4,0,0,0,0,0.033333333,0.133333333,0,0,0,0,0,NA
I769,497,8375,1,6.323333333,5.373333333,0,0,0,0.633333333,0.366666667,0.6,0.6,0.1,0.5,0,0,0.166666667,0,0.966666667,0.066666667,0,0,0.1,0.133333333,0.2,0.133333333,0,0,0,0.1,0.133333333,0.1,0,0,0.066666667,0,0,0,0,0,0.833333333,0.266666667,0,0,0.066666667,0.666666667,0.633333333,0.2,0.666666667,0.366666667,0,0.4,0.3,0.4,0.066666667,0,NA
J087,385,75634,0.2,4.5,4.586206897,0.655172414,0.275862069,0.413793103,0,0.379310345,0,0,0.103448276,0.137931034,0,0,0,0,0.24137931,0,0,0,0.137931034,0.103448276,0.103448276,0.862068966,0.137931034,0.413793103,0.137931034,0,0,0,0.310344828,0,0,0.068965517,0.068965517,0.034482759,0.793103448,0.620689655,0.75862069,0.034482759,0.310344828,0,0.448275862,0,0.103448276,0.068965517,0,0,0,0,0,0,0.068965517,0,NA
J093,528,92844,0.2,5.114814815,4.488888889,1.148148148,0.296296296,0.333333333,0,0.185185185,0,0.407407407,0.111111111,0.296296296,0.111111111,0.259259259,0,0.111111111,0.555555556,0.111111111,0,0.259259259,0,0.555555556,0.111111111,0.222222222,0.074074074,0,0,0,0,0.074074074,0.222222222,0,0.296296296,0.333333333,0.259259259,0.481481481,0.407407407,0.703703704,0.074074074,0.074074074,0.407407407,0,0.296296296,0.259259259,0.074074074,0,0,0,0.259259259,0,0,0.037037037,0,0.222222222,NA
J215,73,11781,0.05,5.263333333,4.42,0.266666667,0,0.333333333,0.133333333,0.433333333,0.3,0.3,0.366666667,0.066666667,0,0,0.166666667,0,0.2,0,0.033333333,0.066666667,0,0,0,0.033333333,0,0.066666667,0,0,0.1,0,0,0,0,0,0.166666667,0,0.366666667,0.066666667,1.566666667,0.266666667,0.133333333,0.033333333,0.233333333,1,0.5,0.233333333,0.466666667,0.3,0,0,0,0.5,0,0.166666667,NA
J346,515,8858,0.01,5.825,4.992857143,0.142857143,0.107142857,0.321428571,0.428571429,0.214285714,0.178571429,0.5,0.25,0.142857143,0.178571429,0,0,0.107142857,0.785714286,0.285714286,0,0.178571429,0,0.071428571,0.285714286,0.107142857,0,0.464285714,0,0.214285714,0.142857143,0.071428571,0,0,0,0,0.178571429,0,0.107142857,0,0.392857143,0.535714286,0,0,0.107142857,0.178571429,0.678571429,0.035714286,0.214285714,0.071428571,0.607142857,0.357142857,0.892857143,0.178571429,0.214285714,0.321428571,NA
J497,371,7344,0.15,5.557142857,4.685714286,0.607142857,0,0.25,0,0.214285714,0,0.321428571,0,0.607142857,0.107142857,0.071428571,0.107142857,0,0.357142857,0,0,0,0.535714286,0.035714286,0.25,0.071428571,0.142857143,0,0,0,0.107142857,0.107142857,0,0,1.178571429,0.678571429,0.428571429,0.142857143,0.285714286,0.214285714,0.285714286,0.571428571,0,0,0.142857143,0.25,0.321428571,0,0.178571429,0,0.428571429,0,0.392857143,0.071428571,0,0.107142857,NA
J594,221,4657,0.3,3.648275862,4.648275862,0.24137931,0,0.344827586,0.137931034,0.137931034,0,0.482758621,0.448275862,0.137931034,0,0.068965517,0,0,0.379310345,0.137931034,0,0.344827586,0,0.172413793,0.068965517,0.068965517,0.068965517,0.103448276,0,0,0,0,0,0,0.172413793,0.103448276,0,0,0.172413793,0.034482759,0.344827586,0.275862069,0.965517241,0.172413793,0,0,0.034482759,0.068965517,0.137931034,0,0.137931034,0,0.172413793,0.137931034,0.103448276,0.137931034,NA
J612,11,10313079,0.2,4.940740741,2.733333333,0.074074074,0.074074074,0.111111111,0,0.37037037,0,0.111111111,0,0,0,0,0,0,0.074074074,0,0,0.185185185,0,0.185185185,0.074074074,0,0.185185185,0,0.074074074,0,0,0,0,0,0,0,0.037037037,0,0.185185185,0.111111111,0.703703704,0.814814815,2.037037037,0.518518519,0.777777778,0,0,0.37037037,0,0,0,0,0,0.037037037,0,0,NA
J613,89,12367,0.1,5.9,5.806666667,1.066666667,0.333333333,0.5,0,0.233333333,0.4,1,0.166666667,0.6,0.966666667,0.333333333,0,0,0.733333333,0.1,0,0.133333333,0,0.133333333,0,0,0,0,0.3,0.266666667,0.133333333,0,0,0,0.2,0.1,0,0,0.2,0.066666667,0.7,0.333333333,0,0,0,0.2,0,0,0,0.033333333,0,0.2,0.033333333,0.1,0.4,0.233333333,NA
J622,340,700,0.5,5.503571429,2.25,0,0,0.178571429,0,0.035714286,0,0.071428571,0.214285714,0,0,0,0,0,0,0,0,0,0,0,0,0.107142857,0,0,0,0,0,0,0,0,0,0,0,0,0.25,0.142857143,0.535714286,3.071428571,0.571428571,0,0.142857143,0,0.142857143,0,0,0,0.071428571,0,0,0.107142857,0,0,NA
J670,130,18840,0.005,6.076666667,3.223333333,0.066666667,0,0.2,0,0.166666667,0.066666667,0.4,0.166666667,0.666666667,0,0.133333333,0.133333333,0.1,0.3,0,0,0.066666667,0,0,0.1,0,0,0.1,0.066666667,0,0.066666667,0.6,0.066666667,1.8,0.533333333,0.566666667,0.066666667,0,0.1,0.133333333,0.333333333,0.3,0,0.566666667,0.866666667,0.3,0,0.066666667,0.433333333,0,0.633333333,0,0.066666667,0.1,0,0.133333333,NA
K853,498,8452,0.01,4.815625,5.603125,0.09375,0.0625,0.09375,0.03125,0.28125,0.0625,0.25,0.3125,0.28125,0,0.09375,0.0625,0,1.15625,0.3125,0.21875,0.40625,0,0,0.125,0,0,0,0,0.03125,0,0.21875,0,0.0625,0.34375,0.28125,0,0.125,0.125,0.03125,0,0.15625,0,0,0.15625,0.34375,0.40625,0,0.25,0.3125,0.1875,0,0.59375,0.75,0.09375,0.21875,NA
L218,76,12180,0.003,5.46,4.21,0.166666667,0.033333333,0.166666667,0.033333333,0.033333333,0,0.3,0,0.433333333,0,0.066666667,0.266666667,0,0.866666667,0,0.133333333,0.1,0.133333333,0,0.133333333,0.333333333,0.1,0.5,0.3,0.133333333,0,0.733333333,0.4,1.3,0.8,0.466666667,0.166666667,0.033333333,0,0,0.133333333,0,0,0.4,0.5,0,0,0,0,0.033333333,0.366666667,0,0.3,0,0,0,NA
L973,288,6276,0.01,3.78,5.06,0.4,0,0.266666667,0.1,0.366666667,0.233333333,0.533333333,0.2,0.866666667,0.266666667,0.166666667,0.333333333,0.133333333,0.733333333,0,0,0,0,0,0,0,0,0.133333333,0.033333333,0,0,0.2,0,0.333333333,0.2,0.166666667,0,0,0.233333333,0,0.266666667,0.233333333,0,0,0.2,0.1,0.033333333,0.1,0,0.1,0.133333333,0.066666667,0.133333333,0.066666667,0,0,NA